date,1. open,2. high,3. low,4. close,5. volume
2018-10-15 09:32:00,6.41,6.41,6.41,6.41,0.0
2018-10-15 09:33:00,6.405,6.405,6.405,6.405,2130.0
2018-10-15 09:34:00,6.38,6.38,6.365,6.365,21610.0
2018-10-15 09:35:00,6.36,6.36,6.36,6.36,7141.0
2018-10-15 09:36:00,6.37,6.38,6.37,6.38,31782.0
2018-10-15 09:37:00,6.375,6.375,6.375,6.375,1950.0
2018-10-15 09:39:00,6.365,6.365,6.365,6.365,8159.0
2018-10-15 09:40:00,6.365,6.365,6.35,6.35,11642.0
2018-10-15 09:41:00,6.35,6.36,6.35,6.36,41519.0
2018-10-15 09:42:00,6.37,6.37,6.37,6.37,21110.0
2018-10-15 09:43:00,6.36,6.36,6.36,6.36,3159.0
2018-10-15 09:45:00,6.36,6.36,6.355,6.355,7871.0
2018-10-15 09:46:00,6.355,6.355,6.355,6.355,7407.0
2018-10-15 09:47:00,6.37,6.37,6.36,6.36,47159.0
2018-10-15 09:48:00,6.36,6.37,6.36,6.37,10367.0
2018-10-15 09:49:00,6.36,6.365,6.36,6.365,20659.0
2018-10-15 09:50:00,6.36,6.37,6.36,6.37,19884.0
2018-10-15 09:51:00,6.365,6.365,6.365,6.365,6927.0
2018-10-15 09:52:00,6.37,6.37,6.37,6.37,19839.0
2018-10-15 09:53:00,6.365,6.365,6.365,6.365,9218.0
2018-10-15 09:54:00,6.37,6.37,6.36,6.36,12103.0
2018-10-15 09:55:00,6.35,6.35,6.345,6.345,63898.0
2018-10-15 09:56:00,6.345,6.36,6.345,6.36,30796.0
2018-10-15 09:57:00,6.36,6.36,6.355,6.36,22266.0
2018-10-15 09:58:00,6.38,6.38,6.38,6.38,24911.0
2018-10-15 09:59:00,6.375,6.375,6.375,6.375,7333.0
2018-10-15 10:00:00,6.37,6.37,6.37,6.37,8835.0
2018-10-15 10:01:00,6.375,6.38,6.375,6.38,18170.0
2018-10-15 10:03:00,6.38,6.38,6.37,6.37,28207.0
2018-10-15 10:04:00,6.37,6.37,6.37,6.37,9173.0
2018-10-15 10:05:00,6.36,6.36,6.36,6.36,15095.0
2018-10-15 10:06:00,6.36,6.36,6.36,6.36,8129.0
2018-10-15 10:07:00,6.365,6.365,6.355,6.355,27392.0
2018-10-15 10:08:00,6.355,6.355,6.355,6.355,6701.0
2018-10-15 10:09:00,6.355,6.355,6.355,6.355,7719.0
2018-10-15 10:10:00,6.355,6.355,6.355,6.355,8520.0
2018-10-15 10:11:00,6.3563,6.3563,6.355,6.355,18129.0
2018-10-15 10:12:00,6.35,6.35,6.35,6.35,5702.0
2018-10-15 10:13:00,6.35,6.355,6.35,6.355,20870.0
2018-10-15 10:14:00,6.345,6.345,6.345,6.345,17482.0
2018-10-15 10:15:00,6.345,6.345,6.345,6.345,5424.0
2018-10-15 10:16:00,6.33,6.34,6.33,6.34,50889.0
2018-10-15 10:17:00,6.3334,6.335,6.3334,6.335,30531.0
2018-10-15 10:18:00,6.34,6.34,6.34,6.34,18875.0
2018-10-15 10:19:00,6.335,6.335,6.335,6.335,6895.0
2018-10-15 10:20:00,6.335,6.335,6.335,6.335,8259.0
2018-10-15 10:21:00,6.335,6.335,6.335,6.335,12528.0
2018-10-15 10:22:00,6.34,6.345,6.34,6.345,57377.0
2018-10-15 10:23:00,6.345,6.345,6.345,6.345,5331.0
2018-10-15 10:24:00,6.35,6.35,6.35,6.35,6030.0
2018-10-15 10:25:00,6.345,6.345,6.345,6.345,18442.0
2018-10-15 10:26:00,6.34,6.345,6.34,6.345,18005.0
2018-10-15 10:27:00,6.345,6.345,6.345,6.345,13048.0
2018-10-15 10:28:00,6.34,6.34,6.34,6.34,14638.0
2018-10-15 10:29:00,6.33,6.33,6.32,6.32,30962.0
2018-10-15 10:30:00,6.32,6.32,6.31,6.31,15479.0
2018-10-15 10:31:00,6.315,6.315,6.315,6.315,7481.0
2018-10-15 10:32:00,6.315,6.315,6.311,6.311,15074.0
2018-10-15 10:33:00,6.31,6.31,6.305,6.305,30317.0
2018-10-15 10:34:00,6.3,6.305,6.3,6.305,30027.0
2018-10-15 10:35:00,6.3,6.3,6.3,6.3,28848.0
2018-10-15 10:36:00,6.3,6.3,6.3,6.3,12503.0
2018-10-15 10:37:00,6.31,6.31,6.3,6.3,15295.0
2018-10-15 10:38:00,6.3,6.3,6.295,6.295,72060.0
2018-10-15 10:39:00,6.295,6.295,6.295,6.295,274900.0
2018-10-15 10:40:00,6.295,6.31,6.295,6.31,184865.0
2018-10-15 10:41:00,6.32,6.32,6.32,6.32,5939.0
2018-10-15 10:42:00,6.325,6.325,6.325,6.325,15975.0
2018-10-15 10:43:00,6.325,6.325,6.325,6.325,9351.0
2018-10-15 10:44:00,6.32,6.322,6.32,6.322,12009.0
2018-10-15 10:45:00,6.325,6.325,6.31,6.32,85640.0
2018-10-15 10:46:00,6.315,6.32,6.315,6.32,17178.0
2018-10-15 10:47:00,6.315,6.315,6.315,6.315,3359.0
2018-10-15 10:48:00,6.32,6.32,6.315,6.315,32320.0
2018-10-15 10:49:00,6.32,6.32,6.315,6.315,20005.0
2018-10-15 10:50:00,6.32,6.32,6.32,6.32,10780.0
2018-10-15 10:51:00,6.31,6.31,6.31,6.31,2247.0
2018-10-15 10:52:00,6.31,6.31,6.31,6.31,5304.0
2018-10-15 10:53:00,6.32,6.32,6.32,6.32,28052.0
2018-10-15 10:54:00,6.325,6.33,6.325,6.33,11204.0
2018-10-15 10:55:00,6.325,6.325,6.325,6.325,1955.0
2018-10-15 10:56:00,6.33,6.335,6.33,6.335,53101.0
2018-10-15 10:57:00,6.34,6.34,6.34,6.34,23630.0
2018-10-15 10:58:00,6.34,6.34,6.34,6.34,5696.0
2018-10-15 10:59:00,6.34,6.34,6.34,6.34,6219.0
2018-10-15 11:00:00,6.34,6.35,6.34,6.35,62230.0
2018-10-15 11:01:00,6.355,6.355,6.355,6.355,9521.0
2018-10-15 11:02:00,6.355,6.355,6.355,6.355,2601.0
2018-10-15 11:03:00,6.36,6.36,6.36,6.36,7053.0
2018-10-15 11:04:00,6.355,6.355,6.355,6.355,2153.0
2018-10-15 11:05:00,6.35,6.35,6.34,6.34,52115.0
2018-10-15 11:06:00,6.345,6.345,6.34,6.34,16279.0
2018-10-15 11:07:00,6.3455,6.3455,6.3455,6.3455,2206.0
2018-10-15 11:08:00,6.34,6.34,6.34,6.34,2335.0
2018-10-15 11:09:00,6.345,6.345,6.345,6.345,6766.0
2018-10-15 11:10:00,6.35,6.35,6.35,6.35,7295.0
2018-10-15 11:11:00,6.345,6.345,6.345,6.345,1139.0
2018-10-15 11:12:00,6.34,6.34,6.34,6.34,5905.0
2018-10-15 11:13:00,6.34,6.34,6.34,6.34,4270.0
2018-10-15 11:14:00,6.345,6.345,6.345,6.345,2582.0
2018-10-15 11:15:00,6.34,6.34,6.34,6.34,4642.0
2018-10-15 11:16:00,6.34,6.34,6.34,6.34,2437.0
2018-10-15 11:17:00,6.345,6.35,6.345,6.35,10515.0
2018-10-15 11:18:00,6.35,6.35,6.35,6.35,6449.0
2018-10-15 11:19:00,6.345,6.345,6.345,6.345,29874.0
2018-10-15 11:20:00,6.34,6.34,6.34,6.34,17586.0
2018-10-15 11:21:00,6.35,6.35,6.35,6.35,8898.0
2018-10-15 11:22:00,6.35,6.35,6.35,6.35,6413.0
2018-10-15 11:24:00,6.345,6.345,6.345,6.345,3651.0
2018-10-15 11:26:00,6.35,6.35,6.345,6.345,50545.0
2018-10-15 11:27:00,6.35,6.38,6.35,6.38,74903.0
2018-10-15 11:28:00,6.38,6.38,6.38,6.38,9777.0
2018-10-15 11:29:00,6.375,6.3892,6.375,6.3892,25211.0
2018-10-15 11:30:00,6.4,6.4,6.4,6.4,12179.0
2018-10-15 11:31:00,6.395,6.395,6.395,6.395,3249.0
2018-10-15 11:32:00,6.39,6.395,6.39,6.395,56403.0
2018-10-15 11:33:00,6.395,6.395,6.395,6.395,26269.0
2018-10-15 11:34:00,6.395,6.395,6.39,6.39,12987.0
2018-10-15 11:35:00,6.38,6.3837,6.38,6.3837,6600.0
2018-10-15 11:36:00,6.38,6.38,6.38,6.38,1922.0
2018-10-15 11:37:00,6.385,6.385,6.385,6.385,7717.0
2018-10-15 11:38:00,6.38,6.38,6.38,6.38,3000.0
2018-10-15 11:39:00,6.38,6.38,6.375,6.375,34011.0
2018-10-15 11:40:00,6.38,6.38,6.374,6.374,42228.0
2018-10-15 11:41:00,6.37,6.37,6.37,6.37,1440.0
2018-10-15 11:43:00,6.37,6.37,6.37,6.37,934.0
2018-10-15 11:44:00,6.37,6.37,6.37,6.37,3187.0
2018-10-15 11:45:00,6.36,6.36,6.36,6.36,11061.0
2018-10-15 11:46:00,6.36,6.36,6.36,6.36,3996.0
2018-10-15 11:47:00,6.36,6.36,6.36,6.36,2415.0
2018-10-15 11:48:00,6.36,6.36,6.36,6.36,1412.0
2018-10-15 11:49:00,6.36,6.36,6.36,6.36,4026.0
2018-10-15 11:50:00,6.36,6.365,6.36,6.365,3433.0
2018-10-15 11:51:00,6.36,6.36,6.36,6.36,1901.0
2018-10-15 11:52:00,6.36,6.36,6.36,6.36,8502.0
2018-10-15 11:53:00,6.35,6.35,6.345,6.345,93557.0
2018-10-15 11:54:00,6.345,6.345,6.345,6.345,2681.0
2018-10-15 11:55:00,6.345,6.345,6.345,6.345,25901.0
2018-10-15 11:56:00,6.345,6.345,6.345,6.345,9478.0
2018-10-15 11:57:00,6.345,6.345,6.345,6.345,2982.0
2018-10-15 11:58:00,6.345,6.345,6.34,6.345,27140.0
2018-10-15 11:59:00,6.345,6.345,6.345,6.345,26923.0
2018-10-15 12:00:00,6.345,6.345,6.345,6.345,5603.0
2018-10-15 12:01:00,6.345,6.345,6.345,6.345,25549.0
2018-10-15 12:02:00,6.345,6.345,6.345,6.345,6765.0
2018-10-15 12:03:00,6.345,6.35,6.345,6.35,7910.0
2018-10-15 12:04:00,6.345,6.35,6.345,6.345,51739.0
2018-10-15 12:05:00,6.345,6.345,6.345,6.345,6613.0
2018-10-15 12:06:00,6.35,6.35,6.35,6.35,8588.0
2018-10-15 12:07:00,6.345,6.345,6.345,6.345,11013.0
2018-10-15 12:08:00,6.345,6.345,6.345,6.345,6106.0
2018-10-15 12:09:00,6.34,6.34,6.34,6.34,4621.0
2018-10-15 12:10:00,6.345,6.345,6.345,6.345,6338.0
2018-10-15 12:11:00,6.34,6.34,6.34,6.34,1490.0
2018-10-15 12:12:00,6.34,6.34,6.34,6.34,7736.0
2018-10-15 12:13:00,6.345,6.345,6.34,6.34,3758.0
2018-10-15 12:14:00,6.34,6.34,6.335,6.335,78720.0
2018-10-15 12:15:00,6.33,6.33,6.33,6.33,3253.0
2018-10-15 12:16:00,6.33,6.34,6.33,6.34,25068.0
2018-10-15 12:17:00,6.335,6.335,6.335,6.335,3181.0
2018-10-15 12:18:00,6.33,6.33,6.33,6.33,2208.0
2018-10-15 12:19:00,6.335,6.335,6.33,6.33,3502.0
2018-10-15 12:20:00,6.33,6.335,6.33,6.335,5817.0
2018-10-15 12:21:00,6.3345,6.335,6.3345,6.335,5044.0
2018-10-15 12:22:00,6.335,6.335,6.335,6.335,3056.0
2018-10-15 12:23:00,6.33,6.33,6.33,6.33,3765.0
2018-10-15 12:24:00,6.33,6.335,6.33,6.335,8399.0
2018-10-15 12:25:00,6.335,6.34,6.335,6.34,166233.0
2018-10-15 12:26:00,6.335,6.335,6.335,6.335,7105.0
2018-10-15 12:27:00,6.33,6.33,6.33,6.33,3642.0
2018-10-15 12:28:00,6.33,6.335,6.32,6.32,45631.0
2018-10-15 12:29:00,6.325,6.325,6.325,6.325,10771.0
2018-10-15 12:30:00,6.3201,6.33,6.3201,6.33,4048.0
2018-10-15 12:31:00,6.32,6.325,6.32,6.325,4196.0
2018-10-15 12:32:00,6.32,6.32,6.32,6.32,5004.0
2018-10-15 12:33:00,6.32,6.325,6.32,6.325,4969.0
2018-10-15 12:34:00,6.325,6.325,6.325,6.325,4000.0
2018-10-15 12:35:00,6.32,6.33,6.32,6.33,14863.0
2018-10-15 12:36:00,6.33,6.33,6.325,6.325,3418.0
2018-10-15 12:37:00,6.32,6.33,6.32,6.33,81376.0
2018-10-15 12:38:00,6.3355,6.3355,6.335,6.335,7080.0
2018-10-15 12:39:00,6.335,6.335,6.335,6.335,1892.0
2018-10-15 12:40:00,6.335,6.335,6.335,6.335,7014.0
2018-10-15 12:41:00,6.335,6.335,6.335,6.335,946.0
2018-10-15 12:42:00,6.3351,6.3351,6.335,6.335,6930.0
2018-10-15 12:43:00,6.335,6.335,6.335,6.335,30508.0
2018-10-15 12:44:00,6.335,6.335,6.335,6.335,7487.0
2018-10-15 12:45:00,6.335,6.34,6.335,6.34,10988.0
2018-10-15 12:46:00,6.3325,6.335,6.3325,6.335,9353.0
2018-10-15 12:47:00,6.335,6.34,6.335,6.335,41105.0
2018-10-15 12:48:00,6.34,6.34,6.3325,6.3325,8027.0
2018-10-15 12:49:00,6.34,6.35,6.335,6.35,48482.0
2018-10-15 12:50:00,6.35,6.36,6.35,6.36,24120.0
2018-10-15 12:51:00,6.36,6.36,6.36,6.36,8951.0
2018-10-15 12:52:00,6.355,6.355,6.355,6.355,1360.0
2018-10-15 12:53:00,6.355,6.36,6.355,6.36,6345.0
2018-10-15 12:54:00,6.355,6.355,6.355,6.355,2702.0
2018-10-15 12:55:00,6.355,6.355,6.3529,6.3529,4342.0
2018-10-15 12:56:00,6.355,6.355,6.35,6.35,3803.0
2018-10-15 12:57:00,6.35,6.355,6.35,6.355,6344.0
2018-10-15 12:58:00,6.35,6.35,6.35,6.35,3204.0
2018-10-15 12:59:00,6.35,6.35,6.35,6.35,3711.0
2018-10-15 13:00:00,6.35,6.355,6.35,6.355,4546.0
2018-10-15 13:01:00,6.355,6.355,6.355,6.355,4068.0
2018-10-15 13:02:00,6.35,6.35,6.35,6.35,3405.0
2018-10-15 13:03:00,6.35,6.35,6.345,6.35,24996.0
2018-10-15 13:04:00,6.35,6.35,6.345,6.345,13311.0
2018-10-15 13:05:00,6.345,6.345,6.345,6.345,7682.0
2018-10-15 13:06:00,6.35,6.36,6.35,6.36,25122.0
2018-10-15 13:07:00,6.36,6.36,6.36,6.36,1563.0
2018-10-15 13:08:00,6.355,6.355,6.355,6.355,6893.0
2018-10-15 13:09:00,6.355,6.355,6.355,6.355,1420.0
2018-10-15 13:10:00,6.355,6.355,6.35,6.35,11501.0
2018-10-15 13:11:00,6.355,6.355,6.35,6.35,3708.0
2018-10-15 13:12:00,6.35,6.35,6.35,6.35,5329.0
2018-10-15 13:13:00,6.35,6.35,6.35,6.35,5919.0
2018-10-15 13:14:00,6.35,6.35,6.35,6.35,5303.0
2018-10-15 13:15:00,6.35,6.35,6.345,6.345,36891.0
2018-10-15 13:16:00,6.345,6.345,6.34,6.34,4400.0
2018-10-15 13:17:00,6.34,6.35,6.34,6.34,9311.0
2018-10-15 13:18:00,6.34,6.34,6.34,6.34,6349.0
2018-10-15 13:19:00,6.345,6.345,6.345,6.345,3809.0
2018-10-15 13:20:00,6.345,6.35,6.3425,6.345,44630.0
2018-10-15 13:21:00,6.35,6.35,6.345,6.345,8897.0
2018-10-15 13:22:00,6.345,6.345,6.345,6.345,17091.0
2018-10-15 13:23:00,6.345,6.345,6.345,6.345,9904.0
2018-10-15 13:24:00,6.345,6.35,6.345,6.35,7972.0
2018-10-15 13:25:00,6.35,6.35,6.35,6.35,2609.0
2018-10-15 13:26:00,6.345,6.35,6.345,6.35,6200.0
2018-10-15 13:27:00,6.345,6.345,6.345,6.345,22910.0
2018-10-15 13:28:00,6.345,6.35,6.34,6.35,11523.0
2018-10-15 13:29:00,6.345,6.345,6.345,6.345,418914.0
2018-10-15 13:30:00,6.35,6.35,6.345,6.345,103339.0
2018-10-15 13:31:00,6.35,6.355,6.35,6.355,110382.0
2018-10-15 13:32:00,6.355,6.36,6.355,6.36,11736.0
2018-10-15 13:33:00,6.355,6.355,6.355,6.355,4620.0
2018-10-15 13:34:00,6.36,6.365,6.36,6.365,92282.0
2018-10-15 13:35:00,6.37,6.38,6.37,6.38,35056.0
2018-10-15 13:36:00,6.385,6.39,6.385,6.39,12710.0
2018-10-15 13:37:00,6.38,6.39,6.38,6.39,16430.0
2018-10-15 13:38:00,6.39,6.39,6.39,6.39,2201.0
2018-10-15 13:39:00,6.385,6.405,6.385,6.405,106010.0
2018-10-15 13:40:00,6.4,6.4,6.395,6.4,121951.0
2018-10-15 13:41:00,6.4,6.4,6.4,6.4,198041.0
2018-10-15 13:42:00,6.4,6.405,6.4,6.405,10868.0
2018-10-15 13:43:00,6.405,6.405,6.395,6.395,27173.0
2018-10-15 13:44:00,6.39,6.395,6.39,6.395,11341.0
2018-10-15 13:45:00,6.39,6.39,6.39,6.39,6823.0
2018-10-15 13:46:00,6.39,6.39,6.39,6.39,7711.0
2018-10-15 13:47:00,6.39,6.395,6.39,6.395,6699.0
2018-10-15 13:48:00,6.385,6.385,6.385,6.385,14327.0
2018-10-15 13:49:00,6.385,6.385,6.385,6.385,6601.0
2018-10-15 13:50:00,6.38,6.39,6.38,6.39,3243.0
2018-10-15 13:51:00,6.38,6.38,6.38,6.38,10571.0
2018-10-15 13:52:00,6.385,6.385,6.38,6.38,3302.0
2018-10-15 13:53:00,6.38,6.385,6.38,6.385,7202.0
2018-10-15 13:54:00,6.38,6.38,6.37,6.37,40842.0
2018-10-15 13:55:00,6.375,6.375,6.37,6.37,6796.0
2018-10-15 13:56:00,6.37,6.375,6.37,6.37,121701.0
2018-10-15 13:57:00,6.37,6.37,6.37,6.37,5507.0
2018-10-15 13:58:00,6.37,6.375,6.37,6.375,5119.0
2018-10-15 13:59:00,6.375,6.375,6.37,6.37,8961.0
2018-10-15 14:00:00,6.37,6.37,6.37,6.37,5389.0
2018-10-15 14:01:00,6.375,6.375,6.375,6.375,5318.0
2018-10-15 14:02:00,6.37,6.375,6.37,6.375,7645.0
2018-10-15 14:03:00,6.37,6.37,6.36,6.36,39018.0
2018-10-15 14:04:00,6.36,6.365,6.36,6.36,13789.0
2018-10-15 14:05:00,6.36,6.365,6.36,6.36,11069.0
2018-10-15 14:06:00,6.36,6.365,6.36,6.36,56591.0
2018-10-15 14:07:00,6.36,6.36,6.35,6.355,18396.0
2018-10-15 14:08:00,6.355,6.355,6.35,6.35,9342.0
2018-10-15 14:09:00,6.355,6.355,6.35,6.355,7633.0
2018-10-15 14:10:00,6.35,6.35,6.35,6.35,5410.0
2018-10-15 14:11:00,6.355,6.355,6.35,6.355,7305.0
2018-10-15 14:12:00,6.35,6.355,6.345,6.355,157629.0
2018-10-15 14:13:00,6.355,6.355,6.35,6.355,7501.0
2018-10-15 14:14:00,6.35,6.35,6.35,6.35,2830.0
2018-10-15 14:15:00,6.35,6.355,6.35,6.35,10751.0
2018-10-15 14:16:00,6.35,6.355,6.35,6.355,9402.0
2018-10-15 14:17:00,6.355,6.355,6.35,6.35,10625.0
2018-10-15 14:18:00,6.355,6.355,6.35,6.35,3100.0
2018-10-15 14:19:00,6.36,6.36,6.35,6.35,8751.0
2018-10-15 14:20:00,6.35,6.35,6.35,6.35,6000.0
2018-10-15 14:21:00,6.35,6.36,6.35,6.35,7619.0
2018-10-15 14:22:00,6.35,6.35,6.35,6.35,5438.0
2018-10-15 14:23:00,6.355,6.36,6.35,6.35,11776.0
2018-10-15 14:24:00,6.35,6.35,6.35,6.35,2746.0
2018-10-15 14:25:00,6.355,6.355,6.35,6.35,12413.0
2018-10-15 14:26:00,6.35,6.355,6.35,6.35,6122.0
2018-10-15 14:27:00,6.35,6.355,6.345,6.345,206458.0
2018-10-15 14:28:00,6.345,6.355,6.345,6.355,224650.0
2018-10-15 14:29:00,6.355,6.36,6.355,6.36,10069.0
2018-10-15 14:30:00,6.36,6.36,6.355,6.355,12807.0
2018-10-15 14:31:00,6.35,6.355,6.35,6.35,13022.0
2018-10-15 14:32:00,6.355,6.355,6.35,6.35,5262.0
2018-10-15 14:33:00,6.35,6.355,6.35,6.355,8141.0
2018-10-15 14:34:00,6.355,6.355,6.35,6.35,191134.0
2018-10-15 14:35:00,6.35,6.355,6.35,6.35,13548.0
2018-10-15 14:36:00,6.355,6.355,6.355,6.355,12807.0
2018-10-15 14:37:00,6.355,6.36,6.355,6.36,7441.0
2018-10-15 14:38:00,6.355,6.355,6.355,6.355,5362.0
2018-10-15 14:39:00,6.35,6.35,6.35,6.35,4720.0
2018-10-15 14:40:00,6.35,6.35,6.35,6.35,8758.0
2018-10-15 14:41:00,6.355,6.355,6.35,6.35,6790.0
2018-10-15 14:42:00,6.36,6.36,6.35,6.355,12373.0
2018-10-15 14:43:00,6.35,6.35,6.35,6.35,5022.0
2018-10-15 14:44:00,6.35,6.36,6.35,6.35,28284.0
2018-10-15 14:45:00,6.355,6.36,6.355,6.355,16059.0
2018-10-15 14:46:00,6.36,6.36,6.35,6.35,18913.0
2018-10-15 14:47:00,6.36,6.36,6.36,6.36,68031.0
2018-10-15 14:48:00,6.37,6.37,6.37,6.37,5162.0
2018-10-15 14:49:00,6.37,6.37,6.365,6.365,35317.0
2018-10-15 14:50:00,6.37,6.37,6.37,6.37,17672.0
2018-10-15 14:51:00,6.375,6.389,6.375,6.389,120402.0
2018-10-15 14:52:00,6.39,6.39,6.385,6.385,12899.0
2018-10-15 14:53:00,6.385,6.39,6.385,6.39,12145.0
2018-10-15 14:55:00,6.39,6.39,6.38,6.38,9529.0
2018-10-15 14:56:00,6.38,6.38,6.38,6.38,11121.0
2018-10-15 14:57:00,6.375,6.375,6.375,6.375,10409.0
2018-10-15 14:58:00,6.37,6.37,6.37,6.37,10236.0
2018-10-15 14:59:00,6.37,6.37,6.37,6.37,4700.0
2018-10-15 15:00:00,6.37,6.37,6.37,6.37,8959.0
2018-10-15 15:01:00,6.37,6.37,6.365,6.365,21741.0
2018-10-15 15:02:00,6.365,6.365,6.365,6.365,12557.0
2018-10-15 15:03:00,6.365,6.365,6.36,6.36,3914.0
2018-10-15 15:04:00,6.36,6.36,6.36,6.36,8546.0
2018-10-15 15:05:00,6.36,6.36,6.36,6.36,8826.0
2018-10-15 15:06:00,6.36,6.365,6.36,6.365,6839.0
2018-10-15 15:07:00,6.365,6.365,6.36,6.36,11766.0
2018-10-15 15:08:00,6.36,6.3675,6.36,6.36,11653.0
2018-10-15 15:09:00,6.365,6.3675,6.36,6.36,36621.0
2018-10-15 15:10:00,6.36,6.36,6.35,6.35,60140.0
2018-10-15 15:11:00,6.35,6.35,6.35,6.35,4801.0
2018-10-15 15:12:00,6.35,6.35,6.345,6.345,48193.0
2018-10-15 15:13:00,6.34,6.345,6.34,6.345,63600.0
2018-10-15 15:14:00,6.34,6.345,6.34,6.34,23051.0
2018-10-15 15:15:00,6.34,6.36,6.34,6.35,285582.0
2018-10-15 15:16:00,6.345,6.345,6.34,6.34,22224.0
2018-10-15 15:17:00,6.34,6.34,6.34,6.34,5908.0
2018-10-15 15:18:00,6.34,6.345,6.34,6.345,94062.0
2018-10-15 15:19:00,6.345,6.36,6.345,6.36,255627.0
2018-10-15 15:20:00,6.355,6.355,6.355,6.355,21281.0
2018-10-15 15:21:00,6.35,6.35,6.345,6.345,99787.0
2018-10-15 15:22:00,6.35,6.355,6.35,6.355,43371.0
2018-10-15 15:23:00,6.3501,6.3501,6.3501,6.3501,3932.0
2018-10-15 15:24:00,6.355,6.355,6.345,6.345,91590.0
2018-10-15 15:25:00,6.35,6.35,6.35,6.35,8063.0
2018-10-15 15:26:00,6.345,6.35,6.345,6.345,26754.0
2018-10-15 15:27:00,6.345,6.35,6.345,6.35,10048.0
2018-10-15 15:28:00,6.345,6.345,6.3441,6.3441,17749.0
2018-10-15 15:29:00,6.35,6.35,6.345,6.345,17921.0
2018-10-15 15:30:00,6.345,6.345,6.33,6.33,51965.0
2018-10-15 15:31:00,6.325,6.33,6.32,6.325,76727.0
2018-10-15 15:32:00,6.32,6.325,6.32,6.32,15078.0
2018-10-15 15:33:00,6.32,6.32,6.32,6.32,16829.0
2018-10-15 15:34:00,6.32,6.3249,6.32,6.32,12887.0
2018-10-15 15:35:00,6.32,6.32,6.31,6.31,36178.0
2018-10-15 15:36:00,6.31,6.315,6.31,6.315,41832.0
2018-10-15 15:37:00,6.315,6.315,6.315,6.315,17220.0
2018-10-15 15:38:00,6.315,6.315,6.31,6.31,14039.0
2018-10-15 15:39:00,6.31,6.31,6.31,6.31,13519.0
2018-10-15 15:40:00,6.31,6.315,6.3,6.3,30052.0
2018-10-15 15:41:00,6.31,6.31,6.3,6.3,83921.0
2018-10-15 15:42:00,6.3,6.305,6.3,6.305,40302.0
2018-10-15 15:43:00,6.305,6.305,6.3,6.305,42920.0
2018-10-15 15:44:00,6.3,6.305,6.3,6.3,21009.0
2018-10-15 15:45:00,6.305,6.305,6.29,6.3,199917.0
2018-10-15 15:46:00,6.29,6.3,6.28,6.29,316242.0
2018-10-15 15:47:00,6.295,6.3,6.295,6.3,43590.0
2018-10-15 15:48:00,6.3,6.3,6.295,6.3,15173.0
2018-10-15 15:49:00,6.3,6.31,6.3,6.31,73406.0
2018-10-15 15:50:00,6.31,6.31,6.3,6.3,36793.0
2018-10-15 15:51:00,6.3,6.305,6.3,6.3,35540.0
2018-10-15 15:52:00,6.3,6.305,6.3,6.3,5929.0
2018-10-15 15:53:00,6.3,6.3,6.3,6.3,146812.0
2018-10-15 15:54:00,6.3,6.305,6.3,6.305,25278.0
2018-10-15 15:55:00,6.305,6.31,6.305,6.305,29317.0
2018-10-15 15:56:00,6.305,6.31,6.3,6.3,51676.0
2018-10-15 15:57:00,6.3,6.305,6.29,6.29,161996.0
2018-10-15 15:58:00,6.295,6.2951,6.29,6.29,46123.0
2018-10-15 15:59:00,6.295,6.295,6.29,6.295,63713.0
2018-10-15 16:00:00,6.29,6.3,6.29,6.29,272909.0
2018-10-16 09:31:00,6.3,6.3,6.3,6.3,36122.0
2018-10-16 09:33:00,6.31,6.32,6.31,6.32,28554.0
2018-10-16 09:34:00,6.3,6.3,6.3,6.3,3651.0
2018-10-16 09:35:00,6.3099,6.3099,6.3099,6.3099,5049.0
2018-10-16 09:36:00,6.295,6.295,6.265,6.28,55306.0
2018-10-16 09:37:00,6.28,6.28,6.28,6.28,18500.0
2018-10-16 09:38:00,6.29,6.29,6.29,6.29,910.0
2018-10-16 09:39:00,6.285,6.285,6.285,6.285,2405.0
2018-10-16 09:40:00,6.29,6.29,6.29,6.29,22003.0
2018-10-16 09:41:00,6.285,6.3,6.285,6.2875,72888.0
2018-10-16 09:42:00,6.3,6.3,6.3,6.3,30871.0
2018-10-16 09:43:00,6.3,6.3,6.3,6.3,1302.0
2018-10-16 09:45:00,6.3,6.3,6.3,6.3,35368.0
2018-10-16 09:46:00,6.305,6.305,6.305,6.305,3659.0
2018-10-16 09:47:00,6.3,6.3,6.3,6.3,14039.0
2018-10-16 09:48:00,6.295,6.295,6.2801,6.2801,36597.0
2018-10-16 09:49:00,6.285,6.29,6.285,6.29,19103.0
2018-10-16 09:50:00,6.29,6.29,6.29,6.29,14700.0
2018-10-16 09:51:00,6.29,6.29,6.29,6.29,28101.0
2018-10-16 09:52:00,6.29,6.29,6.28,6.28,17926.0
2018-10-16 09:53:00,6.275,6.275,6.27,6.27,22198.0
2018-10-16 09:54:00,6.28,6.28,6.275,6.275,50225.0
2018-10-16 09:55:00,6.275,6.275,6.27,6.27,54850.0
2018-10-16 09:56:00,6.2762,6.2762,6.2703,6.2703,29179.0
2018-10-16 09:57:00,6.275,6.295,6.275,6.295,100478.0
2018-10-16 09:58:00,6.305,6.315,6.305,6.315,27928.0
2018-10-16 09:59:00,6.32,6.32,6.32,6.32,4610.0
2018-10-16 10:00:00,6.32,6.32,6.32,6.32,8070.0
2018-10-16 10:01:00,6.32,6.33,6.32,6.33,11542.0
2018-10-16 10:03:00,6.3367,6.3367,6.3367,6.3367,5781.0
2018-10-16 10:04:00,6.34,6.34,6.34,6.34,12504.0
2018-10-16 10:05:00,6.35,6.35,6.345,6.345,25222.0
2018-10-16 10:06:00,6.3403,6.3403,6.3403,6.3403,8423.0
2018-10-16 10:07:00,6.3429,6.36,6.3429,6.36,41420.0
2018-10-16 10:09:00,6.355,6.355,6.355,6.355,2536.0
2018-10-16 10:10:00,6.35,6.35,6.35,6.35,3833.0
2018-10-16 10:11:00,6.355,6.355,6.355,6.355,12633.0
2018-10-16 10:12:00,6.36,6.36,6.36,6.36,9053.0
2018-10-16 10:13:00,6.36,6.36,6.36,6.36,4021.0
2018-10-16 10:14:00,6.37,6.37,6.36,6.36,14644.0
2018-10-16 10:15:00,6.35,6.35,6.35,6.35,11075.0
2018-10-16 10:16:00,6.355,6.355,6.355,6.355,6649.0
2018-10-16 10:17:00,6.37,6.37,6.365,6.365,14532.0
2018-10-16 10:18:00,6.37,6.37,6.37,6.37,7014.0
2018-10-16 10:19:00,6.365,6.365,6.365,6.365,5013.0
2018-10-16 10:20:00,6.37,6.37,6.37,6.37,4805.0
2018-10-16 10:21:00,6.365,6.365,6.365,6.365,2399.0
2018-10-16 10:22:00,6.37,6.37,6.37,6.37,2710.0
2018-10-16 10:23:00,6.365,6.365,6.365,6.365,2941.0
2018-10-16 10:24:00,6.37,6.37,6.37,6.37,8064.0
2018-10-16 10:25:00,6.365,6.365,6.365,6.365,2888.0
2018-10-16 10:26:00,6.365,6.365,6.365,6.365,4820.0
2018-10-16 10:27:00,6.365,6.365,6.365,6.365,3399.0
2018-10-16 10:28:00,6.365,6.365,6.365,6.365,2341.0
2018-10-16 10:29:00,6.3671,6.3671,6.365,6.365,9388.0
2018-10-16 10:30:00,6.37,6.37,6.37,6.37,10639.0
2018-10-16 10:31:00,6.37,6.37,6.37,6.37,8033.0
2018-10-16 10:32:00,6.36,6.37,6.36,6.37,9468.0
2018-10-16 10:33:00,6.365,6.365,6.365,6.365,3776.0
2018-10-16 10:34:00,6.365,6.365,6.35,6.35,26190.0
2018-10-16 10:35:00,6.34,6.34,6.34,6.34,3912.0
2018-10-16 10:36:00,6.35,6.35,6.35,6.35,2012.0
2018-10-16 10:37:00,6.345,6.345,6.345,6.345,4405.0
2018-10-16 10:38:00,6.3436,6.3436,6.3436,6.3436,2776.0
2018-10-16 10:39:00,6.345,6.345,6.345,6.345,1796.0
2018-10-16 10:40:00,6.345,6.35,6.345,6.35,19183.0
2018-10-16 10:41:00,6.355,6.36,6.355,6.36,10387.0
2018-10-16 10:42:00,6.36,6.36,6.36,6.36,2217.0
2018-10-16 10:43:00,6.355,6.355,6.355,6.355,3033.0
2018-10-16 10:44:00,6.37,6.37,6.37,6.37,9222.0
2018-10-16 10:45:00,6.37,6.37,6.365,6.37,15511.0
2018-10-16 10:46:00,6.37,6.37,6.37,6.37,8193.0
2018-10-16 10:47:00,6.365,6.365,6.365,6.365,7245.0
2018-10-16 10:48:00,6.37,6.37,6.37,6.37,18892.0
2018-10-16 10:49:00,6.37,6.37,6.37,6.37,9552.0
2018-10-16 10:50:00,6.365,6.365,6.365,6.365,4430.0
2018-10-16 10:51:00,6.365,6.365,6.365,6.365,3788.0
2018-10-16 10:52:00,6.37,6.38,6.37,6.38,42602.0
2018-10-16 10:53:00,6.38,6.38,6.38,6.38,9619.0
2018-10-16 10:54:00,6.38,6.38,6.38,6.38,22056.0
2018-10-16 10:55:00,6.38,6.38,6.38,6.38,2258.0
2018-10-16 10:56:00,6.38,6.38,6.38,6.38,12843.0
2018-10-16 10:57:00,6.39,6.39,6.39,6.39,8664.0
2018-10-16 10:58:00,6.39,6.39,6.39,6.39,16337.0
2018-10-16 10:59:00,6.39,6.39,6.39,6.39,6485.0
2018-10-16 11:00:00,6.4,6.4,6.4,6.4,9872.0
2018-10-16 11:01:00,6.395,6.395,6.395,6.395,3680.0
2018-10-16 11:02:00,6.39,6.39,6.39,6.39,5005.0
2018-10-16 11:03:00,6.4,6.4,6.4,6.4,1353.0
2018-10-16 11:04:00,6.4,6.4,6.4,6.4,3205.0
2018-10-16 11:05:00,6.4,6.4,6.4,6.4,2418.0
2018-10-16 11:06:00,6.395,6.395,6.395,6.395,5850.0
2018-10-16 11:07:00,6.4,6.4,6.4,6.4,2860.0
2018-10-16 11:08:00,6.4,6.4,6.4,6.4,2216.0
2018-10-16 11:09:00,6.4,6.4,6.4,6.4,44836.0
2018-10-16 11:10:00,6.4,6.4,6.4,6.4,1737.0
2018-10-16 11:11:00,6.395,6.395,6.395,6.395,3840.0
2018-10-16 11:12:00,6.4,6.4,6.4,6.4,2158.0
2018-10-16 11:13:00,6.395,6.4,6.395,6.395,85213.0
2018-10-16 11:14:00,6.4,6.4,6.4,6.4,15140.0
2018-10-16 11:15:00,6.4,6.4,6.395,6.395,7821.0
2018-10-16 11:16:00,6.39,6.39,6.39,6.39,915.0
2018-10-16 11:17:00,6.3979,6.3979,6.3979,6.3979,3241.0
2018-10-16 11:18:00,6.4,6.4,6.4,6.4,59802.0
2018-10-16 11:19:00,6.41,6.41,6.41,6.41,15346.0
2018-10-16 11:20:00,6.42,6.42,6.42,6.42,19387.0
2018-10-16 11:21:00,6.42,6.42,6.42,6.42,3199.0
2018-10-16 11:22:00,6.415,6.415,6.415,6.415,5879.0
2018-10-16 11:23:00,6.41,6.41,6.41,6.41,3495.0
2018-10-16 11:24:00,6.42,6.425,6.42,6.425,41230.0
2018-10-16 11:25:00,6.43,6.43,6.43,6.43,7468.0
2018-10-16 11:26:00,6.42,6.43,6.42,6.43,9727.0
2018-10-16 11:27:00,6.425,6.425,6.42,6.42,78070.0
2018-10-16 11:28:00,6.41,6.41,6.41,6.41,5426.0
2018-10-16 11:29:00,6.41,6.41,6.41,6.41,108.0
2018-10-16 11:30:00,6.415,6.415,6.415,6.415,5336.0
2018-10-16 11:31:00,6.41,6.41,6.41,6.41,10813.0
2018-10-16 11:32:00,6.4,6.4,6.4,6.4,2152.0
2018-10-16 11:33:00,6.4,6.4,6.4,6.4,12119.0
2018-10-16 11:34:00,6.4,6.4,6.4,6.4,13578.0
2018-10-16 11:35:00,6.4,6.4,6.4,6.4,2202.0
2018-10-16 11:36:00,6.4,6.4,6.4,6.4,2825.0
2018-10-16 11:37:00,6.405,6.405,6.405,6.405,1264.0
2018-10-16 11:38:00,6.405,6.405,6.405,6.405,4253.0
2018-10-16 11:39:00,6.4,6.4,6.4,6.4,3528.0
2018-10-16 11:40:00,6.405,6.405,6.405,6.405,1312.0
2018-10-16 11:41:00,6.405,6.405,6.405,6.405,825.0
2018-10-16 11:42:00,6.405,6.405,6.405,6.405,1671.0
2018-10-16 11:43:00,6.405,6.405,6.4,6.4,4345.0
2018-10-16 11:44:00,6.405,6.405,6.405,6.405,2454.0
2018-10-16 11:45:00,6.405,6.405,6.405,6.405,1192.0
2018-10-16 11:46:00,6.405,6.405,6.405,6.405,1679.0
2018-10-16 11:47:00,6.405,6.41,6.405,6.41,4510.0
2018-10-16 11:49:00,6.4,6.4,6.4,6.4,923.0
2018-10-16 11:50:00,6.41,6.41,6.4,6.4,3823.0
2018-10-16 11:51:00,6.405,6.405,6.4,6.4,8296.0
2018-10-16 11:52:00,6.4,6.4,6.3927,6.3927,9321.0
2018-10-16 11:53:00,6.4,6.4,6.4,6.4,2901.0
2018-10-16 11:54:00,6.4,6.4,6.4,6.4,915.0
2018-10-16 11:55:00,6.395,6.395,6.395,6.395,1534.0
2018-10-16 11:56:00,6.4,6.4,6.4,6.4,1019.0
2018-10-16 11:57:00,6.39,6.395,6.39,6.395,7710.0
2018-10-16 11:58:00,6.3942,6.395,6.3942,6.395,5930.0
2018-10-16 11:59:00,6.39,6.39,6.39,6.39,3553.0
2018-10-16 12:00:00,6.395,6.395,6.395,6.395,3239.0
2018-10-16 12:01:00,6.4,6.4,6.4,6.4,7155.0
2018-10-16 12:02:00,6.4,6.4,6.395,6.395,2965.0
2018-10-16 12:03:00,6.39,6.39,6.39,6.39,1880.0
2018-10-16 12:04:00,6.395,6.395,6.395,6.395,2616.0
2018-10-16 12:05:00,6.39,6.4,6.39,6.4,9450.0
2018-10-16 12:06:00,6.4,6.4,6.4,6.4,1817.0
2018-10-16 12:07:00,6.4,6.4,6.4,6.4,1920.0
2018-10-16 12:08:00,6.4,6.4,6.39,6.39,8191.0
2018-10-16 12:09:00,6.395,6.395,6.395,6.395,1026.0
2018-10-16 12:10:00,6.4,6.4,6.4,6.4,710.0
2018-10-16 12:11:00,6.4,6.4,6.4,6.4,2657.0
2018-10-16 12:12:00,6.4,6.4,6.39,6.39,3279.0
2018-10-16 12:13:00,6.4,6.4,6.4,6.4,5127.0
2018-10-16 12:14:00,6.395,6.395,6.3938,6.3938,5761.0
2018-10-16 12:15:00,6.39,6.39,6.39,6.39,3750.0
2018-10-16 12:16:00,6.4,6.4,6.4,6.4,2252.0
2018-10-16 12:17:00,6.39,6.39,6.39,6.39,7267.0
2018-10-16 12:18:00,6.395,6.395,6.395,6.395,1604.0
2018-10-16 12:19:00,6.39,6.39,6.39,6.39,2246.0
2018-10-16 12:20:00,6.3919,6.395,6.3919,6.395,3766.0
2018-10-16 12:21:00,6.39,6.39,6.39,6.39,252.0
2018-10-16 12:22:00,6.3923,6.3923,6.3923,6.3923,1626.0
2018-10-16 12:23:00,6.39,6.39,6.39,6.39,1955.0
2018-10-16 12:24:00,6.39,6.395,6.39,6.395,4289.0
2018-10-16 12:25:00,6.395,6.395,6.395,6.395,1001.0
2018-10-16 12:26:00,6.39,6.39,6.39,6.39,2304.0
2018-10-16 12:27:00,6.395,6.395,6.395,6.395,2044.0
2018-10-16 12:28:00,6.4,6.4,6.4,6.4,813.0
2018-10-16 12:29:00,6.4,6.4,6.395,6.395,4917.0
2018-10-16 12:30:00,6.4,6.42,6.4,6.42,96628.0
2018-10-16 12:31:00,6.42,6.42,6.42,6.42,1715.0
2018-10-16 12:32:00,6.415,6.415,6.415,6.415,816.0
2018-10-16 12:33:00,6.42,6.42,6.42,6.42,1022.0
2018-10-16 12:34:00,6.4134,6.4134,6.4134,6.4134,1862.0
2018-10-16 12:35:00,6.415,6.42,6.415,6.42,6495.0
2018-10-16 12:36:00,6.42,6.42,6.42,6.42,10455.0
2018-10-16 12:37:00,6.42,6.42,6.42,6.42,1915.0
2018-10-16 12:38:00,6.42,6.42,6.42,6.42,3510.0
2018-10-16 12:39:00,6.42,6.42,6.42,6.42,529.0
2018-10-16 12:40:00,6.42,6.42,6.42,6.42,4629.0
2018-10-16 12:41:00,6.42,6.42,6.415,6.415,4151.0
2018-10-16 12:42:00,6.42,6.42,6.42,6.42,1319.0
2018-10-16 12:43:00,6.4199,6.4199,6.4199,6.4199,2158.0
2018-10-16 12:44:00,6.42,6.42,6.42,6.42,8281.0
2018-10-16 12:45:00,6.42,6.42,6.42,6.42,2715.0
2018-10-16 12:46:00,6.42,6.42,6.42,6.42,3328.0
2018-10-16 12:47:00,6.42,6.42,6.42,6.42,5598.0
2018-10-16 12:48:00,6.42,6.42,6.42,6.42,6995.0
2018-10-16 12:49:00,6.415,6.415,6.415,6.415,2915.0
2018-10-16 12:50:00,6.42,6.42,6.42,6.42,5025.0
2018-10-16 12:51:00,6.42,6.42,6.42,6.42,1137.0
2018-10-16 12:52:00,6.42,6.42,6.42,6.42,926.0
2018-10-16 12:53:00,6.415,6.415,6.415,6.415,1672.0
2018-10-16 12:54:00,6.42,6.42,6.42,6.42,1015.0
2018-10-16 12:55:00,6.4147,6.4147,6.4147,6.4147,7673.0
2018-10-16 12:56:00,6.415,6.42,6.415,6.42,3623.0
2018-10-16 12:57:00,6.41,6.41,6.41,6.41,1211.0
2018-10-16 12:59:00,6.42,6.42,6.42,6.42,3224.0
2018-10-16 13:00:00,6.415,6.415,6.415,6.415,1905.0
2018-10-16 13:01:00,6.42,6.42,6.42,6.42,3630.0
2018-10-16 13:02:00,6.42,6.42,6.42,6.42,3104.0
2018-10-16 13:03:00,6.415,6.415,6.415,6.415,3413.0
2018-10-16 13:04:00,6.42,6.42,6.42,6.42,1303.0
2018-10-16 13:05:00,6.41,6.41,6.41,6.41,1464.0
2018-10-16 13:06:00,6.42,6.42,6.42,6.42,4433.0
2018-10-16 13:07:00,6.415,6.415,6.415,6.415,2097.0
2018-10-16 13:08:00,6.415,6.415,6.415,6.415,2714.0
2018-10-16 13:09:00,6.42,6.42,6.42,6.42,2413.0
2018-10-16 13:10:00,6.42,6.42,6.42,6.42,1112.0
2018-10-16 13:11:00,6.415,6.42,6.415,6.42,39157.0
2018-10-16 13:12:00,6.42,6.42,6.42,6.42,1212.0
2018-10-16 13:13:00,6.415,6.415,6.415,6.415,7470.0
2018-10-16 13:14:00,6.415,6.415,6.41,6.41,4866.0
2018-10-16 13:15:00,6.42,6.42,6.42,6.42,1012.0
2018-10-16 13:16:00,6.42,6.42,6.42,6.42,1881.0
2018-10-16 13:17:00,6.415,6.415,6.415,6.415,1957.0
2018-10-16 13:18:00,6.42,6.42,6.42,6.42,1877.0
2018-10-16 13:19:00,6.42,6.42,6.42,6.42,1566.0
2018-10-16 13:20:00,6.415,6.415,6.415,6.415,2506.0
2018-10-16 13:21:00,6.415,6.42,6.415,6.42,2600.0
2018-10-16 13:22:00,6.42,6.42,6.42,6.42,923.0
2018-10-16 13:23:00,6.42,6.42,6.42,6.42,914.0
2018-10-16 13:24:00,6.42,6.42,6.42,6.42,1608.0
2018-10-16 13:25:00,6.42,6.42,6.42,6.42,5541.0
2018-10-16 13:26:00,6.42,6.42,6.42,6.42,1802.0
2018-10-16 13:27:00,6.42,6.42,6.415,6.415,5622.0
2018-10-16 13:28:00,6.42,6.42,6.42,6.42,1793.0
2018-10-16 13:29:00,6.42,6.42,6.42,6.42,501.0
2018-10-16 13:30:00,6.42,6.42,6.42,6.42,6975.0
2018-10-16 13:31:00,6.4169,6.42,6.4169,6.42,17120.0
2018-10-16 13:32:00,6.43,6.43,6.43,6.43,6373.0
2018-10-16 13:33:00,6.43,6.43,6.43,6.43,4197.0
2018-10-16 13:34:00,6.425,6.43,6.425,6.43,2829.0
2018-10-16 13:36:00,6.43,6.43,6.43,6.43,3529.0
2018-10-16 13:37:00,6.43,6.43,6.43,6.43,1925.0
2018-10-16 13:38:00,6.43,6.43,6.425,6.425,5425.0
2018-10-16 13:39:00,6.43,6.43,6.43,6.43,2089.0
2018-10-16 13:40:00,6.43,6.43,6.43,6.43,1320.0
2018-10-16 13:41:00,6.43,6.43,6.43,6.43,903.0
2018-10-16 13:42:00,6.43,6.435,6.43,6.435,16935.0
2018-10-16 13:43:00,6.435,6.44,6.435,6.44,9482.0
2018-10-16 13:44:00,6.435,6.435,6.435,6.435,13592.0
2018-10-16 13:45:00,6.44,6.44,6.44,6.44,2280.0
2018-10-16 13:46:00,6.44,6.44,6.425,6.4263,161477.0
2018-10-16 13:48:00,6.425,6.425,6.425,6.425,2939.0
2018-10-16 13:49:00,6.425,6.425,6.425,6.425,1700.0
2018-10-16 13:50:00,6.425,6.425,6.425,6.425,4973.0
2018-10-16 13:51:00,6.425,6.425,6.425,6.425,1696.0
2018-10-16 13:52:00,6.43,6.43,6.42,6.42,11887.0
2018-10-16 13:53:00,6.42,6.42,6.42,6.42,6958.0
2018-10-16 13:54:00,6.42,6.42,6.405,6.405,67096.0
2018-10-16 13:55:00,6.4053,6.4054,6.405,6.405,23211.0
2018-10-16 13:56:00,6.41,6.41,6.41,6.41,2584.0
2018-10-16 13:57:00,6.405,6.405,6.405,6.405,7691.0
2018-10-16 13:58:00,6.405,6.405,6.405,6.405,1000.0
2018-10-16 13:59:00,6.405,6.41,6.405,6.41,6642.0
2018-10-16 14:00:00,6.4,6.405,6.4,6.405,4360.0
2018-10-16 14:02:00,6.41,6.41,6.41,6.41,1801.0
2018-10-16 14:03:00,6.405,6.4099,6.405,6.4099,6899.0
2018-10-16 14:04:00,6.4042,6.41,6.4042,6.41,20038.0
2018-10-16 14:05:00,6.41,6.41,6.41,6.41,1965.0
2018-10-16 14:06:00,6.405,6.405,6.4,6.4,23627.0
2018-10-16 14:07:00,6.41,6.415,6.41,6.415,33911.0
2018-10-16 14:08:00,6.415,6.42,6.415,6.42,5555.0
2018-10-16 14:09:00,6.42,6.42,6.42,6.42,1627.0
2018-10-16 14:10:00,6.42,6.435,6.42,6.435,31502.0
2018-10-16 14:11:00,6.4201,6.425,6.4201,6.425,5049.0
2018-10-16 14:12:00,6.425,6.425,6.425,6.425,721.0
2018-10-16 14:14:00,6.42,6.42,6.41,6.415,31981.0
2018-10-16 14:15:00,6.415,6.415,6.415,6.415,4995.0
2018-10-16 14:16:00,6.42,6.42,6.42,6.42,1136.0
2018-10-16 14:17:00,6.41,6.41,6.41,6.41,6676.0
2018-10-16 14:18:00,6.41,6.41,6.405,6.405,28598.0
2018-10-16 14:19:00,6.41,6.415,6.405,6.415,21671.0
2018-10-16 14:20:00,6.415,6.415,6.415,6.415,1301.0
2018-10-16 14:21:00,6.415,6.415,6.41,6.41,23038.0
2018-10-16 14:22:00,6.405,6.415,6.405,6.415,37253.0
2018-10-16 14:23:00,6.41,6.41,6.41,6.41,23164.0
2018-10-16 14:24:00,6.4026,6.4026,6.4026,6.4026,13062.0
2018-10-16 14:25:00,6.4075,6.415,6.4075,6.41,33455.0
2018-10-16 14:26:00,6.405,6.405,6.405,6.405,3561.0
2018-10-16 14:27:00,6.41,6.41,6.41,6.41,7635.0
2018-10-16 14:28:00,6.41,6.41,6.41,6.41,1302.0
2018-10-16 14:29:00,6.41,6.41,6.41,6.41,669.0
2018-10-16 14:30:00,6.41,6.41,6.41,6.41,5388.0
2018-10-16 14:31:00,6.405,6.405,6.405,6.405,3768.0
2018-10-16 14:32:00,6.405,6.405,6.405,6.405,5690.0
2018-10-16 14:33:00,6.41,6.41,6.41,6.41,2555.0
2018-10-16 14:34:00,6.41,6.41,6.41,6.41,3026.0
2018-10-16 14:36:00,6.41,6.41,6.4075,6.4075,5766.0
2018-10-16 14:37:00,6.405,6.41,6.405,6.41,4917.0
2018-10-16 14:38:00,6.41,6.41,6.41,6.41,746.0
2018-10-16 14:39:00,6.41,6.41,6.41,6.41,2025.0
2018-10-16 14:40:00,6.405,6.405,6.405,6.405,2000.0
2018-10-16 14:41:00,6.41,6.41,6.41,6.41,6979.0
2018-10-16 14:42:00,6.41,6.41,6.405,6.405,4412.0
2018-10-16 14:43:00,6.405,6.41,6.405,6.41,3618.0
2018-10-16 14:44:00,6.405,6.405,6.405,6.405,1492.0
2018-10-16 14:45:00,6.405,6.405,6.405,6.405,11347.0
2018-10-16 14:46:00,6.41,6.41,6.41,6.41,4101.0
2018-10-16 14:47:00,6.41,6.41,6.41,6.41,5149.0
2018-10-16 14:49:00,6.405,6.405,6.405,6.405,4955.0
2018-10-16 14:50:00,6.405,6.4075,6.4,6.4075,26519.0
2018-10-16 14:51:00,6.405,6.41,6.4,6.405,56830.0
2018-10-16 14:52:00,6.405,6.405,6.39,6.395,100373.0
2018-10-16 14:53:00,6.395,6.4,6.39,6.4,95192.0
2018-10-16 14:54:00,6.39,6.395,6.39,6.395,16343.0
2018-10-16 14:55:00,6.4,6.4,6.3975,6.3975,10836.0
2018-10-16 14:56:00,6.4,6.4,6.4,6.4,9501.0
2018-10-16 14:57:00,6.39,6.4,6.39,6.395,13746.0
2018-10-16 14:58:00,6.39,6.395,6.39,6.39,20634.0
2018-10-16 14:59:00,6.39,6.39,6.38,6.38,77588.0
2018-10-16 15:00:00,6.39,6.39,6.38,6.38,37404.0
2018-10-16 15:01:00,6.3875,6.3875,6.38,6.38,12711.0
2018-10-16 15:02:00,6.3875,6.3875,6.385,6.385,9734.0
2018-10-16 15:03:00,6.385,6.39,6.385,6.39,4519.0
2018-10-16 15:04:00,6.3875,6.3875,6.385,6.385,9703.0
2018-10-16 15:05:00,6.385,6.39,6.37,6.375,68329.0
2018-10-16 15:06:00,6.37,6.375,6.37,6.375,8274.0
2018-10-16 15:07:00,6.375,6.39,6.37,6.37,131910.0
2018-10-16 15:08:00,6.375,6.375,6.37,6.37,7200.0
2018-10-16 15:09:00,6.37,6.375,6.37,6.375,4838.0
2018-10-16 15:10:00,6.375,6.3875,6.37,6.385,125366.0
2018-10-16 15:11:00,6.375,6.375,6.375,6.375,10963.0
2018-10-16 15:12:00,6.375,6.38,6.365,6.375,146193.0
2018-10-16 15:13:00,6.375,6.375,6.375,6.375,9057.0
2018-10-16 15:14:00,6.375,6.39,6.375,6.38,199583.0
2018-10-16 15:15:00,6.3775,6.39,6.375,6.39,109556.0
2018-10-16 15:16:00,6.39,6.39,6.39,6.39,13335.0
2018-10-16 15:17:00,6.39,6.39,6.39,6.39,18711.0
2018-10-16 15:18:00,6.385,6.39,6.385,6.39,15203.0
2018-10-16 15:19:00,6.39,6.4,6.39,6.4,46283.0
2018-10-16 15:20:00,6.4,6.4,6.4,6.4,2622.0
2018-10-16 15:21:00,6.4,6.4,6.39,6.4,23949.0
2018-10-16 15:22:00,6.4,6.4,6.395,6.395,13403.0
2018-10-16 15:23:00,6.395,6.395,6.395,6.395,5181.0
2018-10-16 15:24:00,6.395,6.395,6.395,6.395,6917.0
2018-10-16 15:25:00,6.39,6.395,6.38,6.3875,61382.0
2018-10-16 15:26:00,6.39,6.39,6.39,6.39,6419.0
2018-10-16 15:27:00,6.385,6.385,6.385,6.385,2005.0
2018-10-16 15:28:00,6.38,6.38,6.38,6.38,1917.0
2018-10-16 15:29:00,6.385,6.385,6.38,6.385,5921.0
2018-10-16 15:30:00,6.385,6.385,6.385,6.385,3410.0
2018-10-16 15:31:00,6.385,6.3875,6.385,6.3875,7234.0
2018-10-16 15:32:00,6.3875,6.3875,6.38,6.385,13828.0
2018-10-16 15:33:00,6.38,6.3875,6.38,6.3875,30596.0
2018-10-16 15:34:00,6.3875,6.3875,6.385,6.385,14660.0
2018-10-16 15:35:00,6.385,6.39,6.385,6.385,20057.0
2018-10-16 15:36:00,6.38,6.39,6.38,6.385,11606.0
2018-10-16 15:37:00,6.385,6.385,6.385,6.385,14626.0
2018-10-16 15:38:00,6.38,6.385,6.38,6.385,12297.0
2018-10-16 15:39:00,6.39,6.39,6.38,6.385,22289.0
2018-10-16 15:40:00,6.38,6.39,6.38,6.385,79722.0
2018-10-16 15:41:00,6.385,6.39,6.38,6.385,130145.0
2018-10-16 15:42:00,6.385,6.39,6.3837,6.385,66477.0
2018-10-16 15:43:00,6.385,6.39,6.38,6.39,32013.0
2018-10-16 15:44:00,6.385,6.385,6.38,6.38,30670.0
2018-10-16 15:45:00,6.385,6.39,6.385,6.39,110140.0
2018-10-16 15:46:00,6.39,6.4,6.39,6.395,65573.0
2018-10-16 15:47:00,6.395,6.4,6.39,6.395,40051.0
2018-10-16 15:48:00,6.4,6.4,6.39,6.395,33759.0
2018-10-16 15:49:00,6.4,6.42,6.4,6.415,229070.0
2018-10-16 15:50:00,6.4175,6.4175,6.405,6.41,143178.0
2018-10-16 15:51:00,6.41,6.435,6.41,6.435,130163.0
2018-10-16 15:52:00,6.435,6.435,6.43,6.435,21525.0
2018-10-16 15:53:00,6.435,6.44,6.43,6.435,56061.0
2018-10-16 15:54:00,6.435,6.44,6.43,6.44,29140.0
2018-10-16 15:55:00,6.435,6.44,6.43,6.43,25320.0
2018-10-16 15:56:00,6.435,6.435,6.43,6.435,25794.0
2018-10-16 15:57:00,6.43,6.435,6.42,6.42,186394.0
2018-10-16 15:58:00,6.425,6.425,6.42,6.42,25908.0
2018-10-16 15:59:00,6.42,6.42,6.41,6.42,76717.0
2018-10-16 16:00:00,6.415,6.42,6.41,6.41,110646.0
2018-10-17 09:31:00,6.45,6.45,6.45,6.45,51272.0
2018-10-17 09:33:00,6.45,6.45,6.445,6.445,51088.0
2018-10-17 09:34:00,6.44,6.44,6.44,6.44,8834.0
2018-10-17 09:35:00,6.44,6.44,6.44,6.44,11444.0
2018-10-17 09:36:00,6.4325,6.44,6.4325,6.44,23579.0
2018-10-17 09:37:00,6.42,6.42,6.42,6.42,5922.0
2018-10-17 09:39:00,6.42,6.42,6.42,6.42,2409.0
2018-10-17 09:40:00,6.425,6.425,6.425,6.425,2726.0
2018-10-17 09:41:00,6.425,6.425,6.425,6.425,1731.0
2018-10-17 09:42:00,6.44,6.44,6.44,6.44,10021.0
2018-10-17 09:43:00,6.42,6.42,6.41,6.41,62288.0
2018-10-17 09:44:00,6.4,6.4,6.4,6.4,25932.0
2018-10-17 09:45:00,6.39,6.395,6.39,6.395,39214.0
2018-10-17 09:46:00,6.395,6.4,6.395,6.4,14333.0
2018-10-17 09:47:00,6.41,6.41,6.405,6.405,137597.0
2018-10-17 09:48:00,6.405,6.4075,6.405,6.4075,19055.0
2018-10-17 09:49:00,6.4,6.4,6.4,6.4,14576.0
2018-10-17 09:50:00,6.4,6.4,6.39,6.39,30628.0
2018-10-17 09:51:00,6.385,6.385,6.385,6.385,17164.0
2018-10-17 09:52:00,6.38,6.39,6.38,6.39,27144.0
2018-10-17 09:53:00,6.4,6.4,6.39,6.39,21526.0
2018-10-17 09:54:00,6.39,6.4,6.39,6.4,15118.0
2018-10-17 09:55:00,6.39,6.4,6.39,6.4,29367.0
2018-10-17 09:56:00,6.4,6.4,6.4,6.4,25447.0
2018-10-17 09:57:00,6.39,6.39,6.39,6.39,2303.0
2018-10-17 09:59:00,6.4,6.4,6.4,6.4,1941.0
2018-10-17 10:00:00,6.395,6.4,6.39,6.39,24742.0
2018-10-17 10:01:00,6.39,6.39,6.3875,6.3875,51280.0
2018-10-17 10:02:00,6.38,6.38,6.38,6.38,20955.0
2018-10-17 10:03:00,6.39,6.39,6.39,6.39,14749.0
2018-10-17 10:04:00,6.3801,6.3801,6.3801,6.3801,11934.0
2018-10-17 10:05:00,6.385,6.385,6.385,6.385,7090.0
2018-10-17 10:06:00,6.385,6.385,6.385,6.385,2083.0
2018-10-17 10:07:00,6.38,6.38,6.38,6.38,2577.0
2018-10-17 10:08:00,6.385,6.385,6.385,6.385,1960.0
2018-10-17 10:09:00,6.385,6.39,6.38,6.39,82994.0
2018-10-17 10:10:00,6.38,6.38,6.38,6.38,8000.0
2018-10-17 10:11:00,6.39,6.4,6.39,6.4,41004.0
2018-10-17 10:12:00,6.395,6.395,6.39,6.395,32118.0
2018-10-17 10:13:00,6.39,6.395,6.39,6.395,24646.0
2018-10-17 10:14:00,6.39,6.39,6.39,6.39,8784.0
2018-10-17 10:15:00,6.39,6.39,6.385,6.385,12716.0
2018-10-17 10:16:00,6.3875,6.3875,6.3875,6.3875,21010.0
2018-10-17 10:17:00,6.38,6.39,6.38,6.39,67394.0
2018-10-17 10:18:00,6.385,6.385,6.385,6.385,5015.0
2018-10-17 10:19:00,6.3875,6.3875,6.3875,6.3875,5901.0
2018-10-17 10:20:00,6.38,6.4,6.38,6.4,36171.0
2018-10-17 10:21:00,6.395,6.41,6.395,6.4075,89763.0
2018-10-17 10:22:00,6.4,6.4,6.4,6.4,46576.0
2018-10-17 10:23:00,6.41,6.41,6.41,6.41,12671.0
2018-10-17 10:24:00,6.405,6.405,6.405,6.405,4419.0
2018-10-17 10:25:00,6.405,6.41,6.4,6.4,66814.0
2018-10-17 10:26:00,6.4,6.4,6.4,6.4,18861.0
2018-10-17 10:27:00,6.405,6.41,6.405,6.4075,27963.0
2018-10-17 10:28:00,6.405,6.405,6.4,6.4,89537.0
2018-10-17 10:29:00,6.4,6.41,6.4,6.41,59592.0
2018-10-17 10:30:00,6.41,6.41,6.41,6.41,2188.0
2018-10-17 10:31:00,6.405,6.405,6.405,6.405,7361.0
2018-10-17 10:32:00,6.405,6.405,6.405,6.405,8721.0
2018-10-17 10:33:00,6.405,6.405,6.405,6.405,3050.0
2018-10-17 10:34:00,6.4075,6.4075,6.405,6.405,5634.0
2018-10-17 10:35:00,6.4,6.4,6.4,6.4,2250.0
2018-10-17 10:36:00,6.4,6.4,6.4,6.4,5536.0
2018-10-17 10:37:00,6.4,6.4075,6.4,6.4075,16002.0
2018-10-17 10:38:00,6.395,6.4,6.395,6.4,15796.0
2018-10-17 10:39:00,6.39,6.39,6.39,6.39,5774.0
2018-10-17 10:40:00,6.39,6.395,6.39,6.395,9063.0
2018-10-17 10:41:00,6.395,6.395,6.395,6.395,3680.0
2018-10-17 10:42:00,6.38,6.38,6.38,6.38,7046.0
2018-10-17 10:43:00,6.3875,6.3875,6.3875,6.3875,8555.0
2018-10-17 10:44:00,6.385,6.385,6.385,6.385,2460.0
2018-10-17 10:45:00,6.39,6.39,6.39,6.39,5178.0
2018-10-17 10:46:00,6.39,6.39,6.39,6.39,2352.0
2018-10-17 10:47:00,6.395,6.395,6.395,6.395,12053.0
2018-10-17 10:48:00,6.395,6.395,6.395,6.395,1902.0
2018-10-17 10:49:00,6.395,6.395,6.395,6.395,1486.0
2018-10-17 10:50:00,6.395,6.41,6.395,6.41,37629.0
2018-10-17 10:52:00,6.405,6.405,6.405,6.405,786.0
2018-10-17 10:53:00,6.41,6.41,6.41,6.41,4735.0
2018-10-17 10:54:00,6.405,6.405,6.405,6.405,8664.0
2018-10-17 10:55:00,6.41,6.41,6.41,6.41,3630.0
2018-10-17 10:56:00,6.41,6.41,6.41,6.41,2706.0
2018-10-17 10:57:00,6.405,6.405,6.405,6.405,958.0
2018-10-17 10:59:00,6.41,6.41,6.4,6.4,67077.0
2018-10-17 11:00:00,6.4075,6.4075,6.395,6.395,29656.0
2018-10-17 11:01:00,6.4,6.4,6.4,6.4,3752.0
2018-10-17 11:02:00,6.39,6.41,6.39,6.405,122491.0
2018-10-17 11:03:00,6.4,6.4,6.39,6.39,21331.0
2018-10-17 11:05:00,6.3975,6.3975,6.3975,6.3975,7054.0
2018-10-17 11:06:00,6.38,6.38,6.38,6.38,9832.0
2018-10-17 11:07:00,6.39,6.39,6.39,6.39,7529.0
2018-10-17 11:08:00,6.39,6.4,6.39,6.4,49733.0
2018-10-17 11:09:00,6.41,6.41,6.41,6.41,16749.0
2018-10-17 11:10:00,6.405,6.41,6.405,6.41,15464.0
2018-10-17 11:11:00,6.405,6.405,6.405,6.405,5567.0
2018-10-17 11:12:00,6.4075,6.4075,6.4075,6.4075,17700.0
2018-10-17 11:13:00,6.4,6.4,6.4,6.4,214028.0
2018-10-17 11:14:00,6.395,6.3975,6.395,6.3975,27740.0
2018-10-17 11:15:00,6.3975,6.4,6.395,6.395,36239.0
2018-10-17 11:16:00,6.395,6.395,6.395,6.395,4068.0
2018-10-17 11:17:00,6.3975,6.3975,6.3975,6.3975,5345.0
2018-10-17 11:18:00,6.395,6.3999,6.395,6.3999,21507.0
2018-10-17 11:19:00,6.3975,6.3975,6.3975,6.3975,2881.0
2018-10-17 11:20:00,6.4,6.4,6.39,6.39,10500.0
2018-10-17 11:21:00,6.39,6.39,6.39,6.39,4439.0
2018-10-17 11:22:00,6.39,6.39,6.39,6.39,6389.0
2018-10-17 11:23:00,6.4,6.4,6.375,6.39,142646.0
2018-10-17 11:24:00,6.385,6.385,6.385,6.385,5656.0
2018-10-17 11:25:00,6.39,6.4,6.39,6.395,34429.0
2018-10-17 11:26:00,6.395,6.4,6.39,6.395,149541.0
2018-10-17 11:27:00,6.4,6.4,6.4,6.4,8503.0
2018-10-17 11:28:00,6.4,6.4,6.4,6.4,1730.0
2018-10-17 11:29:00,6.4,6.4,6.39,6.395,193747.0
2018-10-17 11:30:00,6.3975,6.4,6.39,6.4,22194.0
2018-10-17 11:31:00,6.4,6.41,6.4,6.4,125189.0
2018-10-17 11:32:00,6.39,6.3975,6.39,6.3975,25568.0
2018-10-17 11:33:00,6.39,6.39,6.385,6.385,63675.0
2018-10-17 11:34:00,6.385,6.385,6.385,6.385,2600.0
2018-10-17 11:35:00,6.39,6.39,6.39,6.39,4711.0
2018-10-17 11:36:00,6.39,6.39,6.39,6.39,1511.0
2018-10-17 11:37:00,6.38,6.38,6.38,6.38,2434.0
2018-10-17 11:38:00,6.385,6.385,6.385,6.385,21490.0
2018-10-17 11:39:00,6.385,6.385,6.385,6.385,1929.0
2018-10-17 11:40:00,6.39,6.39,6.39,6.39,10497.0
2018-10-17 11:41:00,6.385,6.385,6.385,6.385,2376.0
2018-10-17 11:42:00,6.385,6.385,6.385,6.385,1901.0
2018-10-17 11:43:00,6.39,6.415,6.39,6.41,197432.0
2018-10-17 11:44:00,6.4,6.4,6.4,6.4,90407.0
2018-10-17 11:45:00,6.405,6.42,6.405,6.415,430536.0
2018-10-17 11:46:00,6.42,6.42,6.41,6.42,34610.0
2018-10-17 11:47:00,6.42,6.43,6.42,6.425,183817.0
2018-10-17 11:48:00,6.415,6.4175,6.41,6.4175,85235.0
2018-10-17 11:49:00,6.41,6.41,6.405,6.405,51038.0
2018-10-17 11:50:00,6.4075,6.4075,6.405,6.405,17392.0
2018-10-17 11:51:00,6.4,6.41,6.4,6.41,259492.0
2018-10-17 11:52:00,6.405,6.405,6.405,6.405,19701.0
2018-10-17 11:53:00,6.41,6.41,6.41,6.41,10713.0
2018-10-17 11:54:00,6.41,6.415,6.41,6.415,24315.0
2018-10-17 11:55:00,6.415,6.42,6.415,6.42,21699.0
2018-10-17 11:56:00,6.42,6.42,6.415,6.415,20515.0
2018-10-17 11:57:00,6.42,6.42,6.415,6.4175,15169.0
2018-10-17 11:58:00,6.415,6.415,6.415,6.415,3036.0
2018-10-17 11:59:00,6.415,6.415,6.415,6.415,20792.0
2018-10-17 12:00:00,6.42,6.42,6.42,6.42,15604.0
2018-10-17 12:01:00,6.4175,6.42,6.41,6.41,47698.0
2018-10-17 12:02:00,6.41,6.41,6.405,6.41,14031.0
2018-10-17 12:03:00,6.4075,6.4075,6.405,6.405,5546.0
2018-10-17 12:04:00,6.4,6.405,6.4,6.405,15016.0
2018-10-17 12:05:00,6.4,6.405,6.4,6.405,6018.0
2018-10-17 12:06:00,6.4075,6.4075,6.405,6.405,23722.0
2018-10-17 12:07:00,6.4075,6.4075,6.405,6.405,8957.0
2018-10-17 12:08:00,6.41,6.41,6.3975,6.3975,33670.0
2018-10-17 12:09:00,6.3975,6.3975,6.3975,6.3975,6595.0
2018-10-17 12:10:00,6.4,6.4,6.39,6.39,19840.0
2018-10-17 12:11:00,6.38,6.385,6.38,6.38,49865.0
2018-10-17 12:12:00,6.385,6.385,6.385,6.385,11277.0
2018-10-17 12:13:00,6.39,6.395,6.39,6.395,12550.0
2018-10-17 12:14:00,6.3943,6.41,6.3943,6.41,19114.0
2018-10-17 12:15:00,6.405,6.405,6.405,6.405,14872.0
2018-10-17 12:16:00,6.405,6.405,6.405,6.405,5419.0
2018-10-17 12:17:00,6.405,6.405,6.405,6.405,5778.0
2018-10-17 12:18:00,6.41,6.41,6.4,6.4,33227.0
2018-10-17 12:19:00,6.405,6.405,6.405,6.405,4151.0
2018-10-17 12:20:00,6.4022,6.41,6.4022,6.405,14572.0
2018-10-17 12:21:00,6.4,6.4075,6.4,6.4075,13446.0
2018-10-17 12:22:00,6.405,6.405,6.405,6.405,2990.0
2018-10-17 12:23:00,6.405,6.405,6.405,6.405,2656.0
2018-10-17 12:24:00,6.41,6.41,6.4,6.4,4973.0
2018-10-17 12:25:00,6.41,6.41,6.405,6.405,8029.0
2018-10-17 12:26:00,6.41,6.41,6.41,6.41,1773.0
2018-10-17 12:27:00,6.405,6.405,6.405,6.405,2360.0
2018-10-17 12:28:00,6.41,6.41,6.405,6.405,12610.0
2018-10-17 12:29:00,6.405,6.41,6.405,6.405,25015.0
2018-10-17 12:30:00,6.405,6.405,6.405,6.405,12974.0
2018-10-17 12:31:00,6.405,6.405,6.405,6.405,2532.0
2018-10-17 12:32:00,6.4,6.4036,6.4,6.4036,21071.0
2018-10-17 12:33:00,6.405,6.405,6.405,6.405,10357.0
2018-10-17 12:34:00,6.405,6.405,6.405,6.405,254647.0
2018-10-17 12:35:00,6.405,6.405,6.405,6.405,2133.0
2018-10-17 12:36:00,6.405,6.405,6.405,6.405,2359.0
2018-10-17 12:37:00,6.405,6.405,6.4,6.4,13350.0
2018-10-17 12:38:00,6.4,6.4,6.39,6.39,54534.0
2018-10-17 12:39:00,6.39,6.4,6.39,6.395,100129.0
2018-10-17 12:40:00,6.395,6.395,6.395,6.395,11260.0
2018-10-17 12:41:00,6.4,6.405,6.4,6.405,96229.0
2018-10-17 12:42:00,6.405,6.405,6.405,6.405,2548.0
2018-10-17 12:43:00,6.405,6.405,6.405,6.405,1301.0
2018-10-17 12:44:00,6.405,6.405,6.405,6.405,3500.0
2018-10-17 12:45:00,6.4,6.4,6.4,6.4,2000.0
2018-10-17 12:46:00,6.405,6.405,6.405,6.405,6358.0
2018-10-17 12:47:00,6.405,6.405,6.4,6.4,8983.0
2018-10-17 12:48:00,6.405,6.405,6.405,6.405,11804.0
2018-10-17 12:49:00,6.4075,6.4075,6.4075,6.4075,4036.0
2018-10-17 12:50:00,6.4,6.4,6.4,6.4,80608.0
2018-10-17 12:51:00,6.395,6.395,6.395,6.395,1442.0
2018-10-17 12:52:00,6.4,6.4,6.4,6.4,3221.0
2018-10-17 12:53:00,6.4,6.41,6.4,6.405,91073.0
2018-10-17 12:54:00,6.4,6.4,6.4,6.4,2567.0
2018-10-17 12:55:00,6.405,6.405,6.405,6.405,1412.0
2018-10-17 12:56:00,6.4,6.405,6.4,6.405,1904.0
2018-10-17 12:57:00,6.405,6.405,6.405,6.405,5836.0
2018-10-17 12:58:00,6.405,6.405,6.405,6.405,3543.0
2018-10-17 12:59:00,6.405,6.41,6.405,6.405,133970.0
2018-10-17 13:00:00,6.405,6.405,6.405,6.405,11986.0
2018-10-17 13:01:00,6.4075,6.42,6.405,6.41,197216.0
2018-10-17 13:02:00,6.41,6.41,6.405,6.41,48250.0
2018-10-17 13:03:00,6.405,6.41,6.405,6.405,25587.0
2018-10-17 13:04:00,6.41,6.41,6.4,6.405,75437.0
2018-10-17 13:05:00,6.4075,6.41,6.405,6.41,118870.0
2018-10-17 13:06:00,6.405,6.4175,6.405,6.41,267607.0
2018-10-17 13:07:00,6.425,6.43,6.425,6.43,18299.0
2018-10-17 13:08:00,6.43,6.44,6.43,6.435,27953.0
2018-10-17 13:09:00,6.435,6.435,6.425,6.43,25510.0
2018-10-17 13:10:00,6.425,6.43,6.425,6.43,8901.0
2018-10-17 13:11:00,6.44,6.4475,6.44,6.44,59865.0
2018-10-17 13:12:00,6.4413,6.4413,6.43,6.44,32591.0
2018-10-17 13:13:00,6.44,6.44,6.44,6.44,1410.0
2018-10-17 13:14:00,6.44,6.44,6.44,6.44,36318.0
2018-10-17 13:15:00,6.44,6.4475,6.435,6.4475,65048.0
2018-10-17 13:16:00,6.44,6.4475,6.435,6.435,15034.0
2018-10-17 13:17:00,6.435,6.435,6.435,6.435,5137.0
2018-10-17 13:18:00,6.43,6.435,6.43,6.435,213803.0
2018-10-17 13:19:00,6.43,6.43,6.43,6.43,39476.0
2018-10-17 13:20:00,6.435,6.435,6.425,6.425,43912.0
2018-10-17 13:21:00,6.425,6.44,6.425,6.44,37939.0
2018-10-17 13:22:00,6.43,6.43,6.425,6.425,48738.0
2018-10-17 13:23:00,6.43,6.435,6.43,6.435,359198.0
2018-10-17 13:24:00,6.4375,6.4375,6.435,6.435,9787.0
2018-10-17 13:25:00,6.43,6.435,6.43,6.435,12808.0
2018-10-17 13:26:00,6.43,6.43,6.425,6.425,8749.0
2018-10-17 13:27:00,6.425,6.425,6.425,6.425,817.0
2018-10-17 13:28:00,6.42,6.42,6.42,6.42,16569.0
2018-10-17 13:29:00,6.42,6.42,6.42,6.42,47970.0
2018-10-17 13:30:00,6.425,6.425,6.42,6.42,15799.0
2018-10-17 13:31:00,6.4275,6.43,6.425,6.425,32619.0
2018-10-17 13:32:00,6.43,6.43,6.43,6.43,15780.0
2018-10-17 13:33:00,6.43,6.43,6.425,6.425,10694.0
2018-10-17 13:34:00,6.425,6.425,6.425,6.425,1927.0
2018-10-17 13:35:00,6.43,6.43,6.43,6.43,1390.0
2018-10-17 13:36:00,6.425,6.425,6.425,6.425,5778.0
2018-10-17 13:38:00,6.43,6.44,6.43,6.43,30463.0
2018-10-17 13:39:00,6.43,6.43,6.42,6.42,10287.0
2018-10-17 13:40:00,6.42,6.42,6.42,6.42,3639.0
2018-10-17 13:41:00,6.425,6.4375,6.425,6.4375,42180.0
2018-10-17 13:42:00,6.43,6.44,6.43,6.43,53888.0
2018-10-17 13:43:00,6.44,6.44,6.435,6.4375,18906.0
2018-10-17 13:44:00,6.435,6.435,6.435,6.435,5578.0
2018-10-17 13:45:00,6.4375,6.4375,6.4375,6.4375,2707.0
2018-10-17 13:46:00,6.43,6.43,6.43,6.43,9036.0
2018-10-17 13:47:00,6.425,6.43,6.425,6.425,20262.0
2018-10-17 13:48:00,6.43,6.4375,6.425,6.4375,135510.0
2018-10-17 13:49:00,6.425,6.43,6.425,6.43,11068.0
2018-10-17 13:50:00,6.425,6.43,6.425,6.43,4987.0
2018-10-17 13:51:00,6.43,6.43,6.425,6.425,4354.0
2018-10-17 13:52:00,6.42,6.42,6.42,6.42,5561.0
2018-10-17 13:53:00,6.42,6.4275,6.42,6.42,33354.0
2018-10-17 13:54:00,6.42,6.4275,6.42,6.42,63082.0
2018-10-17 13:55:00,6.42,6.425,6.42,6.425,10861.0
2018-10-17 13:56:00,6.42,6.435,6.42,6.425,329594.0
2018-10-17 13:57:00,6.425,6.43,6.425,6.425,15407.0
2018-10-17 13:58:00,6.43,6.43,6.425,6.425,23626.0
2018-10-17 13:59:00,6.43,6.43,6.42,6.42,252115.0
2018-10-17 14:00:00,6.415,6.415,6.41,6.415,345613.0
2018-10-17 14:01:00,6.415,6.42,6.415,6.42,165139.0
2018-10-17 14:02:00,6.42,6.43,6.42,6.425,43747.0
2018-10-17 14:03:00,6.425,6.425,6.42,6.42,8095.0
2018-10-17 14:04:00,6.43,6.43,6.42,6.4275,23927.0
2018-10-17 14:05:00,6.43,6.43,6.43,6.43,21995.0
2018-10-17 14:06:00,6.427,6.4375,6.427,6.43,32071.0
2018-10-17 14:07:00,6.435,6.4375,6.43,6.43,42948.0
2018-10-17 14:08:00,6.43,6.4375,6.43,6.4375,21481.0
2018-10-17 14:09:00,6.433,6.435,6.43,6.43,28979.0
2018-10-17 14:10:00,6.43,6.43,6.425,6.425,6225.0
2018-10-17 14:11:00,6.425,6.425,6.42,6.42,17645.0
2018-10-17 14:12:00,6.425,6.4275,6.425,6.4275,11477.0
2018-10-17 14:13:00,6.425,6.43,6.425,6.43,6868.0
2018-10-17 14:14:00,6.43,6.43,6.43,6.43,2812.0
2018-10-17 14:15:00,6.43,6.43,6.425,6.425,13763.0
2018-10-17 14:16:00,6.42,6.4275,6.42,6.425,18719.0
2018-10-17 14:17:00,6.43,6.43,6.42,6.42,51990.0
2018-10-17 14:18:00,6.415,6.415,6.415,6.415,9886.0
2018-10-17 14:19:00,6.42,6.42,6.42,6.42,2670.0
2018-10-17 14:20:00,6.42,6.42,6.42,6.42,3256.0
2018-10-17 14:21:00,6.4175,6.4175,6.405,6.405,35436.0
2018-10-17 14:22:00,6.41,6.41,6.41,6.41,2689.0
2018-10-17 14:23:00,6.4,6.4,6.4,6.4,3056.0
2018-10-17 14:24:00,6.4,6.4,6.385,6.39,27298.0
2018-10-17 14:25:00,6.395,6.395,6.395,6.395,4312.0
2018-10-17 14:26:00,6.4,6.4,6.4,6.4,6330.0
2018-10-17 14:27:00,6.4,6.4,6.4,6.4,6672.0
2018-10-17 14:28:00,6.4,6.4075,6.4,6.4075,17846.0
2018-10-17 14:29:00,6.4,6.4,6.4,6.4,5394.0
2018-10-17 14:30:00,6.395,6.4,6.395,6.3975,11462.0
2018-10-17 14:31:00,6.395,6.4,6.395,6.4,5321.0
2018-10-17 14:32:00,6.405,6.41,6.405,6.405,22705.0
2018-10-17 14:34:00,6.4001,6.41,6.4001,6.41,9629.0
2018-10-17 14:35:00,6.405,6.405,6.405,6.405,4411.0
2018-10-17 14:36:00,6.405,6.405,6.4038,6.4038,11313.0
2018-10-17 14:37:00,6.4,6.4,6.4,6.4,1914.0
2018-10-17 14:38:00,6.41,6.41,6.41,6.41,4489.0
2018-10-17 14:39:00,6.41,6.41,6.4075,6.4075,4518.0
2018-10-17 14:40:00,6.4,6.405,6.4,6.405,4109.0
2018-10-17 14:41:00,6.41,6.41,6.41,6.41,13350.0
2018-10-17 14:42:00,6.41,6.41,6.41,6.41,5298.0
2018-10-17 14:43:00,6.41,6.415,6.41,6.415,6991.0
2018-10-17 14:44:00,6.42,6.42,6.415,6.4175,10770.0
2018-10-17 14:45:00,6.41,6.42,6.41,6.42,11468.0
2018-10-17 14:46:00,6.415,6.42,6.415,6.42,6658.0
2018-10-17 14:47:00,6.42,6.42,6.4175,6.4175,5688.0
2018-10-17 14:48:00,6.415,6.415,6.41,6.41,9378.0
2018-10-17 14:49:00,6.415,6.415,6.415,6.415,5065.0
2018-10-17 14:50:00,6.415,6.415,6.41,6.41,10885.0
2018-10-17 14:51:00,6.41,6.42,6.41,6.42,7606.0
2018-10-17 14:52:00,6.415,6.415,6.41,6.41,24727.0
2018-10-17 14:53:00,6.41,6.41,6.41,6.41,2498.0
2018-10-17 14:54:00,6.405,6.41,6.405,6.405,18425.0
2018-10-17 14:55:00,6.405,6.4075,6.405,6.4075,4349.0
2018-10-17 14:56:00,6.41,6.41,6.41,6.41,1535.0
2018-10-17 14:57:00,6.41,6.41,6.41,6.41,4429.0
2018-10-17 14:58:00,6.41,6.42,6.41,6.42,22082.0
2018-10-17 14:59:00,6.415,6.4175,6.41,6.41,26391.0
2018-10-17 15:00:00,6.4175,6.4175,6.415,6.415,9064.0
2018-10-17 15:01:00,6.41,6.41,6.405,6.405,31527.0
2018-10-17 15:02:00,6.405,6.405,6.395,6.395,38698.0
2018-10-17 15:03:00,6.3975,6.4,6.3975,6.4,9231.0
2018-10-17 15:04:00,6.395,6.395,6.395,6.395,2525.0
2018-10-17 15:05:00,6.395,6.395,6.395,6.395,1119.0
2018-10-17 15:06:00,6.395,6.395,6.395,6.395,1432.0
2018-10-17 15:07:00,6.395,6.395,6.395,6.395,821.0
2018-10-17 15:08:00,6.395,6.4,6.395,6.4,2420.0
2018-10-17 15:09:00,6.4,6.41,6.4,6.41,31564.0
2018-10-17 15:10:00,6.405,6.4075,6.4,6.4075,14015.0
2018-10-17 15:11:00,6.405,6.405,6.4,6.4,17073.0
2018-10-17 15:12:00,6.4,6.4,6.4,6.4,7454.0
2018-10-17 15:13:00,6.39,6.39,6.39,6.39,2503.0
2018-10-17 15:14:00,6.39,6.4,6.39,6.4,7423.0
2018-10-17 15:15:00,6.395,6.395,6.395,6.395,2669.0
2018-10-17 15:16:00,6.39,6.39,6.39,6.39,7993.0
2018-10-17 15:17:00,6.39,6.39,6.39,6.39,6506.0
2018-10-17 15:18:00,6.385,6.385,6.38,6.38,8168.0
2018-10-17 15:19:00,6.3875,6.39,6.3875,6.39,7118.0
2018-10-17 15:20:00,6.39,6.39,6.39,6.39,1777.0
2018-10-17 15:21:00,6.385,6.385,6.385,6.385,3091.0
2018-10-17 15:22:00,6.385,6.39,6.385,6.39,6055.0
2018-10-17 15:23:00,6.39,6.39,6.39,6.39,3607.0
2018-10-17 15:24:00,6.39,6.39,6.385,6.385,3778.0
2018-10-17 15:25:00,6.385,6.385,6.385,6.385,1991.0
2018-10-17 15:26:00,6.39,6.4,6.39,6.4,20685.0
2018-10-17 15:27:00,6.3975,6.4,6.3975,6.4,5354.0
2018-10-17 15:28:00,6.395,6.4,6.395,6.4,24344.0
2018-10-17 15:29:00,6.4,6.4,6.395,6.395,7792.0
2018-10-17 15:30:00,6.4,6.4,6.3975,6.3975,13466.0
2018-10-17 15:31:00,6.3921,6.3975,6.3921,6.395,12393.0
2018-10-17 15:32:00,6.4,6.41,6.4,6.4,92894.0
2018-10-17 15:33:00,6.3975,6.3975,6.395,6.3975,21984.0
2018-10-17 15:34:00,6.3975,6.3975,6.385,6.39,21924.0
2018-10-17 15:35:00,6.385,6.39,6.385,6.39,4856.0
2018-10-17 15:36:00,6.385,6.4,6.385,6.4,49574.0
2018-10-17 15:37:00,6.395,6.4,6.395,6.395,9572.0
2018-10-17 15:38:00,6.395,6.395,6.395,6.395,7838.0
2018-10-17 15:39:00,6.4,6.4075,6.4,6.4075,47605.0
2018-10-17 15:40:00,6.41,6.41,6.405,6.41,18881.0
2018-10-17 15:41:00,6.4075,6.415,6.405,6.41,61345.0
2018-10-17 15:42:00,6.405,6.4075,6.39,6.395,91261.0
2018-10-17 15:43:00,6.395,6.4,6.395,6.395,26167.0
2018-10-17 15:44:00,6.39,6.39,6.38,6.38,24953.0
2018-10-17 15:45:00,6.38,6.39,6.38,6.385,29857.0
2018-10-17 15:46:00,6.39,6.39,6.385,6.39,59471.0
2018-10-17 15:47:00,6.385,6.4,6.385,6.4,36634.0
2018-10-17 15:48:00,6.4,6.4,6.39,6.395,31158.0
2018-10-17 15:49:00,6.395,6.4,6.39,6.395,19627.0
2018-10-17 15:50:00,6.395,6.41,6.395,6.405,39127.0
2018-10-17 15:51:00,6.4,6.41,6.39,6.39,124602.0
2018-10-17 15:52:00,6.39,6.4,6.39,6.4,33516.0
2018-10-17 15:53:00,6.4,6.405,6.4,6.405,39707.0
2018-10-17 15:54:00,6.405,6.42,6.405,6.42,59332.0
2018-10-17 15:55:00,6.415,6.42,6.41,6.415,54014.0
2018-10-17 15:56:00,6.41,6.415,6.405,6.41,93024.0
2018-10-17 15:57:00,6.415,6.415,6.4,6.41,105864.0
2018-10-17 15:58:00,6.41,6.42,6.405,6.42,165077.0
2018-10-17 15:59:00,6.42,6.425,6.4,6.4,344933.0
2018-10-17 16:00:00,6.42,6.42,6.42,6.42,270811.0
2018-10-18 09:31:00,6.405,6.405,6.405,6.405,45935.0
2018-10-18 09:32:00,6.43,6.43,6.43,6.43,32138.0
2018-10-18 09:33:00,6.42,6.42,6.415,6.415,46058.0
2018-10-18 09:34:00,6.41,6.41,6.41,6.41,2801.0
2018-10-18 09:35:00,6.415,6.415,6.415,6.415,18974.0
2018-10-18 09:36:00,6.415,6.415,6.41,6.41,35336.0
2018-10-18 09:37:00,6.41,6.41,6.41,6.41,52795.0
2018-10-18 09:38:00,6.41,6.42,6.41,6.415,37093.0
2018-10-18 09:39:00,6.415,6.42,6.415,6.42,36273.0
2018-10-18 09:40:00,6.415,6.42,6.415,6.42,60298.0
2018-10-18 09:41:00,6.42,6.42,6.42,6.42,8550.0
2018-10-18 09:42:00,6.42,6.42,6.42,6.42,5895.0
2018-10-18 09:43:00,6.42,6.42,6.42,6.42,3326.0
2018-10-18 09:44:00,6.435,6.435,6.435,6.435,19941.0
2018-10-18 09:45:00,6.435,6.435,6.435,6.435,3688.0
2018-10-18 09:46:00,6.44,6.445,6.44,6.44,79678.0
2018-10-18 09:47:00,6.425,6.425,6.425,6.425,8507.0
2018-10-18 09:48:00,6.425,6.425,6.425,6.425,2282.0
2018-10-18 09:49:00,6.425,6.425,6.425,6.425,4046.0
2018-10-18 09:50:00,6.425,6.425,6.425,6.425,2690.0
2018-10-18 09:51:00,6.42,6.42,6.42,6.42,5085.0
2018-10-18 09:52:00,6.4175,6.4175,6.405,6.405,17335.0
2018-10-18 09:53:00,6.405,6.405,6.405,6.405,1114.0
2018-10-18 09:54:00,6.41,6.41,6.41,6.41,4094.0
2018-10-18 09:55:00,6.405,6.405,6.405,6.405,3802.0
2018-10-18 09:56:00,6.405,6.405,6.405,6.405,2490.0
2018-10-18 09:57:00,6.41,6.41,6.4075,6.4075,15440.0
2018-10-18 09:58:00,6.4075,6.4075,6.4075,6.4075,3386.0
2018-10-18 09:59:00,6.41,6.41,6.41,6.41,4661.0
2018-10-18 10:00:00,6.415,6.43,6.415,6.43,38005.0
2018-10-18 10:01:00,6.42,6.42,6.41,6.41,11419.0
2018-10-18 10:02:00,6.415,6.415,6.415,6.415,1941.0
2018-10-18 10:03:00,6.42,6.43,6.42,6.43,32591.0
2018-10-18 10:04:00,6.43,6.43,6.43,6.43,5796.0
2018-10-18 10:05:00,6.43,6.43,6.43,6.43,24228.0
2018-10-18 10:06:00,6.4275,6.4275,6.4275,6.4275,3313.0
2018-10-18 10:07:00,6.43,6.44,6.43,6.44,23540.0
2018-10-18 10:08:00,6.43,6.43,6.43,6.43,5072.0
2018-10-18 10:09:00,6.435,6.435,6.435,6.435,3866.0
2018-10-18 10:10:00,6.435,6.435,6.42,6.42,21293.0
2018-10-18 10:12:00,6.425,6.425,6.425,6.425,3042.0
2018-10-18 10:13:00,6.425,6.425,6.425,6.425,2404.0
2018-10-18 10:14:00,6.43,6.43,6.43,6.43,2521.0
2018-10-18 10:15:00,6.425,6.425,6.425,6.425,10483.0
2018-10-18 10:16:00,6.425,6.425,6.425,6.425,13100.0
2018-10-18 10:17:00,6.42,6.42,6.42,6.42,3217.0
2018-10-18 10:18:00,6.425,6.425,6.425,6.425,8187.0
2018-10-18 10:19:00,6.425,6.425,6.425,6.425,56837.0
2018-10-18 10:20:00,6.4275,6.4275,6.4275,6.4275,2584.0
2018-10-18 10:21:00,6.43,6.43,6.43,6.43,2518.0
2018-10-18 10:22:00,6.43,6.43,6.43,6.43,1802.0
2018-10-18 10:23:00,6.43,6.43,6.43,6.43,4023.0
2018-10-18 10:24:00,6.43,6.43,6.43,6.43,29131.0
2018-10-18 10:25:00,6.43,6.43,6.43,6.43,8256.0
2018-10-18 10:26:00,6.43,6.43,6.43,6.43,3342.0
2018-10-18 10:27:00,6.43,6.43,6.42,6.4275,17542.0
2018-10-18 10:28:00,6.43,6.43,6.43,6.43,2118.0
2018-10-18 10:29:00,6.43,6.43,6.43,6.43,3154.0
2018-10-18 10:30:00,6.435,6.435,6.435,6.435,17895.0
2018-10-18 10:31:00,6.44,6.44,6.44,6.44,3393.0
2018-10-18 10:32:00,6.44,6.44,6.44,6.44,11102.0
2018-10-18 10:33:00,6.44,6.44,6.44,6.44,2549.0
2018-10-18 10:34:00,6.4301,6.4301,6.4301,6.4301,3627.0
2018-10-18 10:35:00,6.44,6.44,6.44,6.44,2340.0
2018-10-18 10:36:00,6.4455,6.4455,6.4455,6.4455,10197.0
2018-10-18 10:37:00,6.4456,6.4456,6.4456,6.4456,4047.0
2018-10-18 10:38:00,6.45,6.45,6.45,6.45,3316.0
2018-10-18 10:39:00,6.45,6.45,6.445,6.445,6481.0
2018-10-18 10:40:00,6.45,6.45,6.45,6.45,6908.0
2018-10-18 10:41:00,6.45,6.45,6.45,6.45,8828.0
2018-10-18 10:42:00,6.45,6.45,6.45,6.45,13806.0
2018-10-18 10:43:00,6.45,6.45,6.45,6.45,2819.0
2018-10-18 10:44:00,6.45,6.45,6.45,6.45,3129.0
2018-10-18 10:45:00,6.45,6.45,6.45,6.45,7181.0
2018-10-18 10:46:00,6.445,6.445,6.445,6.445,4156.0
2018-10-18 10:47:00,6.44,6.44,6.44,6.44,2359.0
2018-10-18 10:48:00,6.4484,6.4484,6.4484,6.4484,5932.0
2018-10-18 10:49:00,6.4499,6.4499,6.44,6.44,4219.0
2018-10-18 10:50:00,6.44,6.44,6.44,6.44,71493.0
2018-10-18 10:51:00,6.44,6.44,6.44,6.44,2924.0
2018-10-18 10:52:00,6.43,6.435,6.43,6.435,4914.0
2018-10-18 10:53:00,6.4311,6.4311,6.4311,6.4311,8291.0
2018-10-18 10:54:00,6.44,6.44,6.435,6.435,5688.0
2018-10-18 10:55:00,6.435,6.435,6.435,6.435,3681.0
2018-10-18 10:56:00,6.45,6.45,6.45,6.45,37556.0
2018-10-18 10:57:00,6.45,6.45,6.45,6.45,4536.0
2018-10-18 10:58:00,6.45,6.45,6.45,6.45,6325.0
2018-10-18 10:59:00,6.45,6.45,6.45,6.45,5493.0
2018-10-18 11:00:00,6.445,6.445,6.445,6.445,5895.0
2018-10-18 11:01:00,6.445,6.445,6.445,6.445,2081.0
2018-10-18 11:02:00,6.445,6.445,6.445,6.445,2660.0
2018-10-18 11:03:00,6.44,6.445,6.44,6.445,12169.0
2018-10-18 11:04:00,6.4499,6.4499,6.4499,6.4499,1914.0
2018-10-18 11:05:00,6.445,6.445,6.445,6.445,1390.0
2018-10-18 11:06:00,6.45,6.45,6.45,6.45,3013.0
2018-10-18 11:07:00,6.445,6.45,6.445,6.45,4738.0
2018-10-18 11:08:00,6.45,6.45,6.45,6.45,2851.0
2018-10-18 11:09:00,6.44,6.44,6.44,6.44,4601.0
2018-10-18 11:10:00,6.45,6.45,6.445,6.445,8546.0
2018-10-18 11:11:00,6.44,6.44,6.44,6.44,1830.0
2018-10-18 11:12:00,6.45,6.45,6.45,6.45,2427.0
2018-10-18 11:13:00,6.44,6.44,6.44,6.44,2889.0
2018-10-18 11:14:00,6.45,6.45,6.45,6.45,1728.0
2018-10-18 11:15:00,6.445,6.445,6.445,6.445,13515.0
2018-10-18 11:16:00,6.45,6.45,6.45,6.45,2306.0
2018-10-18 11:18:00,6.445,6.445,6.445,6.445,5093.0
2018-10-18 11:19:00,6.45,6.45,6.4475,6.4475,4556.0
2018-10-18 11:20:00,6.45,6.45,6.45,6.45,2624.0
2018-10-18 11:21:00,6.45,6.45,6.45,6.45,1355.0
2018-10-18 11:22:00,6.44,6.44,6.44,6.44,3108.0
2018-10-18 11:23:00,6.44,6.44,6.44,6.44,2231.0
2018-10-18 11:24:00,6.45,6.45,6.4275,6.4275,133218.0
2018-10-18 11:25:00,6.425,6.425,6.425,6.425,8501.0
2018-10-18 11:26:00,6.4201,6.4201,6.42,6.42,6831.0
2018-10-18 11:27:00,6.42,6.43,6.42,6.43,13449.0
2018-10-18 11:28:00,6.42,6.42,6.42,6.42,2461.0
2018-10-18 11:29:00,6.42,6.42,6.42,6.42,717.0
2018-10-18 11:30:00,6.42,6.42,6.415,6.415,28227.0
2018-10-18 11:31:00,6.41,6.41,6.41,6.41,2237.0
2018-10-18 11:32:00,6.415,6.42,6.415,6.42,3201.0
2018-10-18 11:33:00,6.41,6.41,6.41,6.41,3563.0
2018-10-18 11:34:00,6.4199,6.4199,6.415,6.415,2676.0
2018-10-18 11:35:00,6.4175,6.4175,6.4175,6.4175,1981.0
2018-10-18 11:36:00,6.4175,6.4175,6.4175,6.4175,1905.0
2018-10-18 11:37:00,6.4175,6.4175,6.4175,6.4175,1028.0
2018-10-18 11:38:00,6.415,6.415,6.415,6.415,1914.0
2018-10-18 11:39:00,6.4199,6.4199,6.4199,6.4199,4461.0
2018-10-18 11:40:00,6.42,6.42,6.42,6.42,2040.0
2018-10-18 11:41:00,6.415,6.415,6.415,6.415,3133.0
2018-10-18 11:42:00,6.41,6.42,6.41,6.42,3408.0
2018-10-18 11:44:00,6.42,6.42,6.415,6.415,3040.0
2018-10-18 11:45:00,6.415,6.415,6.415,6.415,2129.0
2018-10-18 11:46:00,6.42,6.42,6.42,6.42,4592.0
2018-10-18 11:47:00,6.41,6.41,6.39,6.39,25064.0
2018-10-18 11:48:00,6.395,6.395,6.395,6.395,7793.0
2018-10-18 11:49:00,6.3975,6.3975,6.3975,6.3975,5901.0
2018-10-18 11:50:00,6.3975,6.3975,6.3955,6.3955,6540.0
2018-10-18 11:51:00,6.3975,6.3975,6.3975,6.3975,2950.0
2018-10-18 11:52:00,6.39,6.39,6.38,6.38,18773.0
2018-10-18 11:53:00,6.3879,6.3879,6.385,6.385,9892.0
2018-10-18 11:54:00,6.39,6.4,6.39,6.4,53363.0
2018-10-18 11:55:00,6.39,6.395,6.39,6.395,7956.0
2018-10-18 11:56:00,6.395,6.395,6.395,6.395,216.0
2018-10-18 11:58:00,6.39,6.395,6.39,6.395,3295.0
2018-10-18 11:59:00,6.39,6.39,6.39,6.39,21742.0
2018-10-18 12:00:00,6.385,6.385,6.385,6.385,2731.0
2018-10-18 12:01:00,6.385,6.385,6.385,6.385,6680.0
2018-10-18 12:02:00,6.385,6.385,6.385,6.385,2469.0
2018-10-18 12:03:00,6.38,6.38,6.38,6.38,810.0
2018-10-18 12:04:00,6.3875,6.3875,6.3875,6.3875,1502.0
2018-10-18 12:05:00,6.385,6.385,6.385,6.385,2917.0
2018-10-18 12:06:00,6.39,6.39,6.39,6.39,5814.0
2018-10-18 12:07:00,6.3875,6.395,6.3875,6.395,70858.0
2018-10-18 12:08:00,6.4,6.4,6.4,6.4,6617.0
2018-10-18 12:09:00,6.395,6.395,6.395,6.395,800.0
2018-10-18 12:10:00,6.39,6.39,6.39,6.39,2138.0
2018-10-18 12:12:00,6.4,6.4,6.4,6.4,1007.0
2018-10-18 12:13:00,6.3975,6.3975,6.39,6.39,5558.0
2018-10-18 12:14:00,6.395,6.395,6.395,6.395,2590.0
2018-10-18 12:15:00,6.395,6.395,6.395,6.395,1624.0
2018-10-18 12:16:00,6.3975,6.3975,6.39,6.39,16896.0
2018-10-18 12:17:00,6.3875,6.3875,6.3875,6.3875,1332.0
2018-10-18 12:18:00,6.39,6.39,6.39,6.39,3186.0
2018-10-18 12:19:00,6.389,6.389,6.389,6.389,3832.0
2018-10-18 12:20:00,6.385,6.385,6.385,6.385,905.0
2018-10-18 12:21:00,6.39,6.39,6.39,6.39,2332.0
2018-10-18 12:22:00,6.39,6.395,6.39,6.395,27886.0
2018-10-18 12:23:00,6.399,6.399,6.399,6.399,1333.0
2018-10-18 12:24:00,6.399,6.399,6.399,6.399,1458.0
2018-10-18 12:25:00,6.4,6.4,6.4,6.4,919.0
2018-10-18 12:26:00,6.3975,6.3975,6.3975,6.3975,917.0
2018-10-18 12:27:00,6.4,6.405,6.4,6.405,49516.0
2018-10-18 12:28:00,6.405,6.41,6.405,6.41,16642.0
2018-10-18 12:29:00,6.41,6.41,6.41,6.41,1485.0
2018-10-18 12:30:00,6.405,6.4075,6.405,6.4075,3634.0
2018-10-18 12:31:00,6.405,6.405,6.405,6.405,1332.0
2018-10-18 12:32:00,6.405,6.405,6.405,6.405,3809.0
2018-10-18 12:33:00,6.405,6.405,6.405,6.405,1473.0
2018-10-18 12:34:00,6.41,6.41,6.41,6.41,19527.0
2018-10-18 12:37:00,6.405,6.405,6.405,6.405,1137.0
2018-10-18 12:39:00,6.41,6.41,6.41,6.41,616.0
2018-10-18 12:40:00,6.41,6.41,6.41,6.41,4682.0
2018-10-18 12:41:00,6.405,6.415,6.405,6.415,15563.0
2018-10-18 12:42:00,6.42,6.42,6.42,6.42,8351.0
2018-10-18 12:43:00,6.42,6.42,6.415,6.415,3785.0
2018-10-18 12:45:00,6.42,6.43,6.42,6.4275,162151.0
2018-10-18 12:46:00,6.425,6.425,6.425,6.425,2374.0
2018-10-18 12:47:00,6.425,6.425,6.425,6.425,1731.0
2018-10-18 12:48:00,6.425,6.425,6.425,6.425,1021.0
2018-10-18 12:49:00,6.425,6.425,6.425,6.425,2724.0
2018-10-18 12:50:00,6.425,6.425,6.425,6.425,1100.0
2018-10-18 12:51:00,6.425,6.43,6.425,6.43,3644.0
2018-10-18 12:52:00,6.425,6.43,6.415,6.415,21434.0
2018-10-18 12:53:00,6.41,6.41,6.41,6.41,1909.0
2018-10-18 12:54:00,6.4175,6.42,6.4175,6.42,2323.0
2018-10-18 12:55:00,6.42,6.42,6.42,6.42,1092.0
2018-10-18 12:56:00,6.415,6.415,6.415,6.415,1739.0
2018-10-18 12:57:00,6.42,6.42,6.42,6.42,1647.0
2018-10-18 12:58:00,6.415,6.415,6.415,6.415,1952.0
2018-10-18 12:59:00,6.42,6.42,6.42,6.42,1388.0
2018-10-18 13:00:00,6.415,6.415,6.415,6.415,740.0
2018-10-18 13:01:00,6.4175,6.4175,6.415,6.415,8489.0
2018-10-18 13:02:00,6.42,6.42,6.42,6.42,2382.0
2018-10-18 13:03:00,6.4175,6.42,6.4175,6.42,3707.0
2018-10-18 13:04:00,6.42,6.42,6.42,6.42,626.0
2018-10-18 13:05:00,6.41,6.41,6.41,6.41,1170.0
2018-10-18 13:06:00,6.42,6.42,6.42,6.42,1631.0
2018-10-18 13:07:00,6.41,6.41,6.41,6.41,1755.0
2018-10-18 13:08:00,6.4175,6.4175,6.41,6.41,4740.0
2018-10-18 13:09:00,6.41,6.41,6.41,6.41,2329.0
2018-10-18 13:10:00,6.415,6.42,6.415,6.42,2749.0
2018-10-18 13:11:00,6.4117,6.42,6.4117,6.42,2597.0
2018-10-18 13:12:00,6.415,6.415,6.405,6.41,54884.0
2018-10-18 13:13:00,6.405,6.405,6.405,6.405,2712.0
2018-10-18 13:14:00,6.405,6.4075,6.395,6.395,23775.0
2018-10-18 13:15:00,6.39,6.39,6.39,6.39,3534.0
2018-10-18 13:16:00,6.395,6.395,6.395,6.395,801.0
2018-10-18 13:17:00,6.395,6.395,6.395,6.395,812.0
2018-10-18 13:18:00,6.3936,6.3936,6.3936,6.3936,701.0
2018-10-18 13:19:00,6.3975,6.3975,6.3975,6.3975,1685.0
2018-10-18 13:20:00,6.39,6.39,6.38,6.38,32203.0
2018-10-18 13:21:00,6.38,6.38,6.38,6.38,604.0
2018-10-18 13:22:00,6.385,6.385,6.385,6.385,1465.0
2018-10-18 13:23:00,6.385,6.385,6.385,6.385,1313.0
2018-10-18 13:24:00,6.38,6.38,6.38,6.38,3232.0
2018-10-18 13:25:00,6.385,6.385,6.385,6.385,1678.0
2018-10-18 13:26:00,6.38,6.38,6.38,6.38,1015.0
2018-10-18 13:27:00,6.38,6.38,6.38,6.38,19307.0
2018-10-18 13:28:00,6.375,6.3775,6.375,6.3775,12220.0
2018-10-18 13:29:00,6.375,6.3799,6.375,6.3799,11397.0
2018-10-18 13:30:00,6.37,6.37,6.37,6.37,1111.0
2018-10-18 13:31:00,6.37,6.37,6.37,6.37,1006.0
2018-10-18 13:32:00,6.37,6.37,6.37,6.37,1365.0
2018-10-18 13:33:00,6.37,6.3701,6.37,6.3701,5397.0
2018-10-18 13:34:00,6.37,6.3775,6.37,6.3775,3857.0
2018-10-18 13:35:00,6.375,6.375,6.375,6.375,1828.0
2018-10-18 13:36:00,6.3775,6.3775,6.3775,6.3775,2593.0
2018-10-18 13:37:00,6.38,6.38,6.38,6.38,1294.0
2018-10-18 13:38:00,6.37,6.37,6.37,6.37,693.0
2018-10-18 13:39:00,6.37,6.375,6.3615,6.3675,59586.0
2018-10-18 13:40:00,6.36,6.36,6.36,6.36,1944.0
2018-10-18 13:41:00,6.36,6.36,6.36,6.36,1628.0
2018-10-18 13:42:00,6.37,6.37,6.36,6.36,4938.0
2018-10-18 13:43:00,6.365,6.365,6.365,6.365,708.0
2018-10-18 13:44:00,6.36,6.3675,6.36,6.3675,3238.0
2018-10-18 13:45:00,6.365,6.365,6.365,6.365,1293.0
2018-10-18 13:46:00,6.36,6.36,6.36,6.36,3367.0
2018-10-18 13:47:00,6.365,6.3764,6.365,6.37,98902.0
2018-10-18 13:48:00,6.37,6.37,6.37,6.37,4080.0
2018-10-18 13:49:00,6.3775,6.3775,6.37,6.37,37025.0
2018-10-18 13:50:00,6.36,6.36,6.355,6.355,24906.0
2018-10-18 13:51:00,6.36,6.36,6.36,6.36,2599.0
2018-10-18 13:52:00,6.355,6.355,6.355,6.355,6442.0
2018-10-18 13:53:00,6.35,6.35,6.34,6.34,24199.0
2018-10-18 13:54:00,6.345,6.345,6.345,6.345,6134.0
2018-10-18 13:55:00,6.34,6.34,6.34,6.34,2113.0
2018-10-18 13:56:00,6.35,6.35,6.35,6.35,4535.0
2018-10-18 13:57:00,6.34,6.34,6.33,6.335,38997.0
2018-10-18 13:58:00,6.335,6.335,6.335,6.335,506.0
2018-10-18 13:59:00,6.3334,6.35,6.3334,6.35,40168.0
2018-10-18 14:00:00,6.35,6.3525,6.34,6.34,101837.0
2018-10-18 14:01:00,6.345,6.345,6.345,6.345,2562.0
2018-10-18 14:02:00,6.35,6.35,6.35,6.35,21800.0
2018-10-18 14:03:00,6.345,6.35,6.345,6.35,12031.0
2018-10-18 14:04:00,6.3575,6.36,6.3575,6.36,7206.0
2018-10-18 14:05:00,6.351,6.351,6.351,6.351,2074.0
2018-10-18 14:06:00,6.3575,6.3575,6.351,6.351,6183.0
2018-10-18 14:07:00,6.355,6.355,6.355,6.355,6692.0
2018-10-18 14:08:00,6.36,6.365,6.36,6.361,39299.0
2018-10-18 14:09:00,6.365,6.365,6.365,6.365,1344.0
2018-10-18 14:10:00,6.36,6.36,6.36,6.36,1310.0
2018-10-18 14:11:00,6.361,6.361,6.355,6.355,11664.0
2018-10-18 14:12:00,6.355,6.355,6.351,6.351,6664.0
2018-10-18 14:13:00,6.36,6.36,6.36,6.36,1473.0
2018-10-18 14:15:00,6.3575,6.3575,6.345,6.345,12288.0
2018-10-18 14:16:00,6.345,6.345,6.345,6.345,2355.0
2018-10-18 14:17:00,6.3499,6.3499,6.345,6.345,3031.0
2018-10-18 14:18:00,6.345,6.345,6.34,6.34,4331.0
2018-10-18 14:19:00,6.3499,6.3499,6.3499,6.3499,1882.0
2018-10-18 14:20:00,6.345,6.35,6.345,6.35,4296.0
2018-10-18 14:21:00,6.345,6.345,6.345,6.345,1579.0
2018-10-18 14:22:00,6.34,6.35,6.34,6.35,2715.0
2018-10-18 14:23:00,6.34,6.345,6.34,6.345,15394.0
2018-10-18 14:24:00,6.34,6.34,6.34,6.34,1347.0
2018-10-18 14:25:00,6.34,6.34,6.34,6.34,3302.0
2018-10-18 14:26:00,6.341,6.341,6.341,6.341,978.0
2018-10-18 14:27:00,6.34,6.34,6.34,6.34,2708.0
2018-10-18 14:28:00,6.341,6.345,6.34,6.34,8645.0
2018-10-18 14:29:00,6.34,6.3425,6.34,6.3425,6944.0
2018-10-18 14:30:00,6.35,6.35,6.34,6.34,3355.0
2018-10-18 14:31:00,6.345,6.345,6.345,6.345,1650.0
2018-10-18 14:32:00,6.3419,6.345,6.34,6.345,22305.0
2018-10-18 14:33:00,6.35,6.35,6.3475,6.3475,4895.0
2018-10-18 14:34:00,6.34,6.3499,6.34,6.3499,4633.0
2018-10-18 14:35:00,6.35,6.35,6.3499,6.3499,6530.0
2018-10-18 14:36:00,6.345,6.36,6.345,6.355,56381.0
2018-10-18 14:37:00,6.3575,6.3575,6.355,6.355,11677.0
2018-10-18 14:38:00,6.36,6.36,6.355,6.355,56674.0
2018-10-18 14:39:00,6.36,6.36,6.36,6.36,7746.0
2018-10-18 14:40:00,6.355,6.355,6.355,6.355,3538.0
2018-10-18 14:41:00,6.36,6.36,6.355,6.355,17284.0
2018-10-18 14:42:00,6.36,6.36,6.355,6.355,8194.0
2018-10-18 14:43:00,6.36,6.36,6.355,6.355,12627.0
2018-10-18 14:44:00,6.36,6.36,6.355,6.36,21539.0
2018-10-18 14:45:00,6.355,6.36,6.355,6.36,49319.0
2018-10-18 14:46:00,6.355,6.37,6.355,6.37,49613.0
2018-10-18 14:47:00,6.365,6.365,6.365,6.365,4277.0
2018-10-18 14:48:00,6.365,6.365,6.365,6.365,4850.0
2018-10-18 14:49:00,6.365,6.365,6.365,6.365,3798.0
2018-10-18 14:50:00,6.37,6.37,6.37,6.37,1973.0
2018-10-18 14:51:00,6.365,6.365,6.365,6.365,19656.0
2018-10-18 14:52:00,6.36,6.365,6.36,6.365,6163.0
2018-10-18 14:53:00,6.365,6.365,6.365,6.365,2501.0
2018-10-18 14:54:00,6.37,6.37,6.37,6.37,13550.0
2018-10-18 14:55:00,6.37,6.37,6.365,6.365,7870.0
2018-10-18 14:56:00,6.37,6.37,6.365,6.365,4588.0
2018-10-18 14:57:00,6.365,6.365,6.365,6.365,1924.0
2018-10-18 14:58:00,6.365,6.37,6.365,6.37,3649.0
2018-10-18 14:59:00,6.36,6.365,6.36,6.365,11008.0
2018-10-18 15:00:00,6.36,6.36,6.36,6.36,3021.0
2018-10-18 15:01:00,6.365,6.365,6.365,6.365,3400.0
2018-10-18 15:02:00,6.36,6.36,6.36,6.36,2604.0
2018-10-18 15:03:00,6.37,6.37,6.365,6.365,2959.0
2018-10-18 15:04:00,6.365,6.365,6.36,6.36,11365.0
2018-10-18 15:05:00,6.361,6.361,6.361,6.361,923.0
2018-10-18 15:06:00,6.36,6.36,6.36,6.36,2015.0
2018-10-18 15:07:00,6.36,6.365,6.351,6.351,25398.0
2018-10-18 15:08:00,6.3599,6.3599,6.3599,6.3599,2175.0
2018-10-18 15:09:00,6.355,6.355,6.355,6.355,4400.0
2018-10-18 15:10:00,6.35,6.35,6.35,6.35,812.0
2018-10-18 15:11:00,6.355,6.36,6.355,6.36,3770.0
2018-10-18 15:12:00,6.35,6.35,6.35,6.35,3353.0
2018-10-18 15:13:00,6.355,6.355,6.355,6.355,1224.0
2018-10-18 15:14:00,6.35,6.35,6.35,6.35,1414.0
2018-10-18 15:15:00,6.3575,6.3575,6.355,6.355,6584.0
2018-10-18 15:16:00,6.36,6.36,6.355,6.355,9617.0
2018-10-18 15:17:00,6.36,6.36,6.36,6.36,63570.0
2018-10-18 15:18:00,6.37,6.375,6.37,6.375,12860.0
2018-10-18 15:19:00,6.375,6.375,6.375,6.375,10809.0
2018-10-18 15:20:00,6.37,6.37,6.37,6.37,1136.0
2018-10-18 15:21:00,6.38,6.38,6.38,6.38,2754.0
2018-10-18 15:22:00,6.371,6.38,6.371,6.38,6009.0
2018-10-18 15:23:00,6.375,6.38,6.375,6.38,6078.0
2018-10-18 15:24:00,6.375,6.375,6.375,6.375,2668.0
2018-10-18 15:25:00,6.375,6.375,6.375,6.375,1447.0
2018-10-18 15:26:00,6.38,6.38,6.375,6.375,3716.0
2018-10-18 15:27:00,6.37,6.38,6.37,6.38,10623.0
2018-10-18 15:28:00,6.375,6.375,6.375,6.375,903.0
2018-10-18 15:29:00,6.37,6.375,6.37,6.375,10659.0
2018-10-18 15:30:00,6.38,6.38,6.3799,6.38,20170.0
2018-10-18 15:31:00,6.38,6.38,6.35,6.355,71739.0
2018-10-18 15:32:00,6.355,6.355,6.35,6.35,13907.0
2018-10-18 15:33:00,6.36,6.36,6.355,6.355,4778.0
2018-10-18 15:34:00,6.35,6.35,6.35,6.35,2537.0
2018-10-18 15:35:00,6.36,6.36,6.35,6.35,14788.0
2018-10-18 15:36:00,6.35,6.355,6.35,6.35,86091.0
2018-10-18 15:37:00,6.345,6.36,6.345,6.355,34771.0
2018-10-18 15:38:00,6.36,6.36,6.36,6.36,4392.0
2018-10-18 15:39:00,6.36,6.36,6.36,6.36,5072.0
2018-10-18 15:40:00,6.36,6.37,6.36,6.365,19757.0
2018-10-18 15:41:00,6.365,6.38,6.365,6.38,55126.0
2018-10-18 15:42:00,6.375,6.375,6.37,6.375,30139.0
2018-10-18 15:43:00,6.375,6.3775,6.36,6.3675,68676.0
2018-10-18 15:44:00,6.3675,6.3675,6.36,6.365,11822.0
2018-10-18 15:45:00,6.365,6.3675,6.365,6.3675,4557.0
2018-10-18 15:46:00,6.365,6.3675,6.365,6.3675,16048.0
2018-10-18 15:47:00,6.365,6.37,6.365,6.365,10715.0
2018-10-18 15:48:00,6.37,6.37,6.365,6.37,24496.0
2018-10-18 15:49:00,6.37,6.38,6.37,6.375,72995.0
2018-10-18 15:50:00,6.3775,6.3775,6.37,6.37,17998.0
2018-10-18 15:51:00,6.37,6.375,6.35,6.36,89621.0
2018-10-18 15:52:00,6.355,6.365,6.355,6.365,24607.0
2018-10-18 15:53:00,6.365,6.3675,6.36,6.36,20534.0
2018-10-18 15:54:00,6.365,6.37,6.365,6.3675,8948.0
2018-10-18 15:55:00,6.36,6.37,6.36,6.365,9073.0
2018-10-18 15:56:00,6.36,6.37,6.36,6.37,15021.0
2018-10-18 15:57:00,6.37,6.38,6.365,6.38,82132.0
2018-10-18 15:58:00,6.38,6.38,6.375,6.38,120169.0
2018-10-18 15:59:00,6.3799,6.3799,6.37,6.375,64918.0
2018-10-18 16:00:00,6.38,6.38,6.37,6.37,87922.0
2018-10-19 09:32:00,6.415,6.415,6.4,6.4,92378.0
2018-10-19 09:33:00,6.42,6.42,6.42,6.42,7553.0
2018-10-19 09:34:00,6.44,6.44,6.44,6.44,13568.0
2018-10-19 09:35:00,6.43,6.43,6.43,6.43,6464.0
2018-10-19 09:36:00,6.41,6.43,6.41,6.43,15298.0
2018-10-19 09:38:00,6.43,6.43,6.42,6.42,16816.0
2018-10-19 09:39:00,6.44,6.44,6.44,6.44,9173.0
2018-10-19 09:40:00,6.435,6.435,6.435,6.435,11627.0
2018-10-19 09:41:00,6.44,6.44,6.44,6.44,2570.0
2018-10-19 09:42:00,6.435,6.435,6.435,6.435,13785.0
2018-10-19 09:43:00,6.44,6.44,6.44,6.44,1304.0
2018-10-19 09:45:00,6.44,6.44,6.44,6.44,4803.0
2018-10-19 09:46:00,6.44,6.44,6.44,6.44,25917.0
2018-10-19 09:47:00,6.445,6.445,6.445,6.445,6651.0
2018-10-19 09:48:00,6.44,6.44,6.44,6.44,3323.0
2018-10-19 09:49:00,6.44,6.44,6.44,6.44,1012.0
2018-10-19 09:50:00,6.4401,6.4401,6.4401,6.4401,2004.0
2018-10-19 09:51:00,6.45,6.45,6.45,6.45,4787.0
2018-10-19 09:52:00,6.45,6.465,6.45,6.46,347807.0
2018-10-19 09:53:00,6.46,6.46,6.46,6.46,7982.0
2018-10-19 09:54:00,6.4508,6.4508,6.4508,6.4508,5117.0
2018-10-19 09:55:00,6.47,6.47,6.465,6.465,42358.0
2018-10-19 09:56:00,6.4608,6.4608,6.4608,6.4608,17924.0
2018-10-19 09:57:00,6.465,6.465,6.465,6.465,2770.0
2018-10-19 09:58:00,6.4601,6.4601,6.4601,6.4601,3120.0
2018-10-19 09:59:00,6.46,6.4635,6.46,6.4635,13301.0
2018-10-19 10:00:00,6.46,6.46,6.46,6.46,3890.0
2018-10-19 10:01:00,6.47,6.47,6.465,6.4687,81199.0
2018-10-19 10:02:00,6.46,6.46,6.4563,6.4563,26267.0
2018-10-19 10:03:00,6.46,6.46,6.46,6.46,16895.0
2018-10-19 10:04:00,6.47,6.47,6.47,6.47,14165.0
2018-10-19 10:05:00,6.47,6.47,6.47,6.47,35199.0
2018-10-19 10:06:00,6.47,6.47,6.47,6.47,15257.0
2018-10-19 10:07:00,6.47,6.47,6.47,6.47,3812.0
2018-10-19 10:08:00,6.475,6.475,6.47,6.47,54336.0
2018-10-19 10:09:00,6.47,6.475,6.47,6.475,16410.0
2018-10-19 10:10:00,6.475,6.475,6.475,6.475,4300.0
2018-10-19 10:12:00,6.48,6.48,6.48,6.48,1868.0
2018-10-19 10:13:00,6.475,6.475,6.475,6.475,4334.0
2018-10-19 10:14:00,6.48,6.48,6.48,6.48,6702.0
2018-10-19 10:15:00,6.48,6.49,6.48,6.49,68868.0
2018-10-19 10:16:00,6.49,6.49,6.49,6.49,6049.0
2018-10-19 10:18:00,6.49,6.49,6.49,6.49,14545.0
2018-10-19 10:19:00,6.4801,6.4801,6.4801,6.4801,3381.0
2018-10-19 10:20:00,6.483,6.483,6.483,6.483,15454.0
2018-10-19 10:21:00,6.49,6.49,6.49,6.49,3301.0
2018-10-19 10:22:00,6.49,6.5,6.49,6.5,43070.0
2018-10-19 10:24:00,6.5,6.5,6.5,6.5,53337.0
2018-10-19 10:25:00,6.5,6.5,6.5,6.5,8034.0
2018-10-19 10:26:00,6.5,6.5,6.5,6.5,41646.0
2018-10-19 10:27:00,6.505,6.51,6.505,6.51,25251.0
2018-10-19 10:28:00,6.51,6.51,6.51,6.51,12252.0
2018-10-19 10:29:00,6.5,6.5,6.5,6.5,243949.0
2018-10-19 10:30:00,6.505,6.505,6.505,6.505,10853.0
2018-10-19 10:31:00,6.505,6.505,6.505,6.505,11329.0
2018-10-19 10:32:00,6.5199,6.5199,6.5199,6.5199,24816.0
2018-10-19 10:33:00,6.5185,6.5185,6.5185,6.5185,6007.0
2018-10-19 10:34:00,6.52,6.52,6.52,6.52,8057.0
2018-10-19 10:35:00,6.52,6.535,6.52,6.535,36850.0
2018-10-19 10:36:00,6.535,6.535,6.535,6.535,8033.0
2018-10-19 10:37:00,6.535,6.535,6.535,6.535,6408.0
2018-10-19 10:38:00,6.537,6.537,6.52,6.52,143360.0
2018-10-19 10:39:00,6.51,6.51,6.51,6.51,21396.0
2018-10-19 10:40:00,6.51,6.51,6.51,6.51,18793.0
2018-10-19 10:41:00,6.51,6.51,6.5,6.5,90314.0
2018-10-19 10:42:00,6.495,6.495,6.495,6.495,38366.0
2018-10-19 10:43:00,6.4884,6.49,6.4884,6.49,20838.0
2018-10-19 10:44:00,6.47,6.475,6.47,6.475,68708.0
2018-10-19 10:45:00,6.47,6.47,6.47,6.47,34114.0
2018-10-19 10:46:00,6.4712,6.4712,6.4712,6.4712,14645.0
2018-10-19 10:47:00,6.47,6.47,6.47,6.47,4561.0
2018-10-19 10:48:00,6.475,6.475,6.47,6.47,48755.0
2018-10-19 10:49:00,6.47,6.47,6.465,6.465,60531.0
2018-10-19 10:50:00,6.46,6.46,6.46,6.46,9032.0
2018-10-19 10:51:00,6.47,6.47,6.465,6.465,13828.0
2018-10-19 10:52:00,6.47,6.475,6.47,6.475,57507.0
2018-10-19 10:53:00,6.48,6.48,6.48,6.48,48362.0
2018-10-19 10:54:00,6.4865,6.49,6.4865,6.49,16971.0
2018-10-19 10:55:00,6.49,6.49,6.49,6.49,5990.0
2018-10-19 10:56:00,6.49,6.49,6.49,6.49,101128.0
2018-10-19 10:57:00,6.49,6.49,6.49,6.49,49535.0
2018-10-19 10:58:00,6.49,6.49,6.49,6.49,5139.0
2018-10-19 10:59:00,6.5,6.51,6.5,6.51,21873.0
2018-10-19 11:00:00,6.505,6.51,6.505,6.51,13870.0
2018-10-19 11:01:00,6.51,6.51,6.51,6.51,30699.0
2018-10-19 11:02:00,6.505,6.505,6.505,6.505,22711.0
2018-10-19 11:03:00,6.505,6.505,6.505,6.505,17860.0
2018-10-19 11:04:00,6.505,6.505,6.505,6.505,7100.0
2018-10-19 11:05:00,6.505,6.505,6.505,6.505,4432.0
2018-10-19 11:06:00,6.505,6.505,6.505,6.505,10920.0
2018-10-19 11:07:00,6.505,6.51,6.505,6.505,40297.0
2018-10-19 11:08:00,6.51,6.51,6.505,6.505,14526.0
2018-10-19 11:09:00,6.505,6.505,6.505,6.505,4701.0
2018-10-19 11:10:00,6.505,6.505,6.505,6.505,14439.0
2018-10-19 11:11:00,6.505,6.51,6.505,6.51,32667.0
2018-10-19 11:12:00,6.505,6.505,6.5,6.5,107184.0
2018-10-19 11:13:00,6.5,6.5,6.5,6.5,5094.0
2018-10-19 11:14:00,6.495,6.5,6.495,6.5,80433.0
2018-10-19 11:15:00,6.5,6.5,6.5,6.5,10330.0
2018-10-19 11:16:00,6.5,6.5,6.495,6.495,23603.0
2018-10-19 11:17:00,6.51,6.515,6.51,6.515,26498.0
2018-10-19 11:18:00,6.51,6.51,6.51,6.51,69760.0
2018-10-19 11:19:00,6.515,6.515,6.515,6.515,3331.0
2018-10-19 11:20:00,6.51,6.51,6.51,6.51,6604.0
2018-10-19 11:21:00,6.5177,6.5177,6.5177,6.5177,3745.0
2018-10-19 11:22:00,6.52,6.52,6.52,6.52,12917.0
2018-10-19 11:23:00,6.52,6.52,6.52,6.52,12450.0
2018-10-19 11:24:00,6.52,6.52,6.52,6.52,40575.0
2018-10-19 11:25:00,6.52,6.52,6.52,6.52,15487.0
2018-10-19 11:26:00,6.515,6.515,6.515,6.515,6726.0
2018-10-19 11:27:00,6.52,6.52,6.52,6.52,5355.0
2018-10-19 11:28:00,6.52,6.52,6.515,6.515,9389.0
2018-10-19 11:29:00,6.52,6.52,6.52,6.52,3598.0
2018-10-19 11:30:00,6.52,6.52,6.52,6.52,8280.0
2018-10-19 11:31:00,6.52,6.52,6.52,6.52,8866.0
2018-10-19 11:32:00,6.52,6.53,6.52,6.53,75276.0
2018-10-19 11:33:00,6.53,6.53,6.53,6.53,18385.0
2018-10-19 11:34:00,6.5253,6.53,6.5253,6.53,14956.0
2018-10-19 11:35:00,6.53,6.53,6.53,6.53,6901.0
2018-10-19 11:36:00,6.53,6.53,6.53,6.53,8510.0
2018-10-19 11:37:00,6.53,6.53,6.53,6.53,25073.0
2018-10-19 11:38:00,6.53,6.53,6.53,6.53,2462.0
2018-10-19 11:39:00,6.52,6.52,6.52,6.52,3245.0
2018-10-19 11:40:00,6.52,6.52,6.52,6.52,3307.0
2018-10-19 11:41:00,6.525,6.525,6.525,6.525,5882.0
2018-10-19 11:42:00,6.53,6.53,6.53,6.53,3459.0
2018-10-19 11:43:00,6.53,6.53,6.525,6.525,24516.0
2018-10-19 11:44:00,6.53,6.53,6.53,6.53,10452.0
2018-10-19 11:45:00,6.53,6.53,6.53,6.53,13311.0
2018-10-19 11:46:00,6.53,6.53,6.53,6.53,18889.0
2018-10-19 11:47:00,6.525,6.53,6.525,6.53,20674.0
2018-10-19 11:48:00,6.53,6.535,6.53,6.535,33895.0
2018-10-19 11:49:00,6.535,6.535,6.535,6.535,5910.0
2018-10-19 11:50:00,6.53,6.54,6.53,6.54,72891.0
2018-10-19 11:51:00,6.55,6.56,6.55,6.56,57853.0
2018-10-19 11:52:00,6.555,6.555,6.555,6.555,6902.0
2018-10-19 11:53:00,6.55,6.55,6.55,6.55,2258.0
2018-10-19 11:54:00,6.5599,6.5599,6.55,6.55,51702.0
2018-10-19 11:55:00,6.55,6.55,6.55,6.55,126958.0
2018-10-19 11:56:00,6.55,6.55,6.55,6.55,9211.0
2018-10-19 11:57:00,6.55,6.55,6.55,6.55,13196.0
2018-10-19 11:58:00,6.55,6.55,6.5435,6.5435,9563.0
2018-10-19 11:59:00,6.56,6.56,6.56,6.56,35284.0
2018-10-19 12:00:00,6.5594,6.5594,6.555,6.555,9141.0
2018-10-19 12:01:00,6.5599,6.5599,6.5599,6.5599,10202.0
2018-10-19 12:02:00,6.56,6.56,6.56,6.56,21466.0
2018-10-19 12:03:00,6.555,6.555,6.555,6.555,8778.0
2018-10-19 12:04:00,6.555,6.555,6.555,6.555,2800.0
2018-10-19 12:05:00,6.5536,6.5536,6.5536,6.5536,1924.0
2018-10-19 12:06:00,6.56,6.56,6.56,6.56,1447.0
2018-10-19 12:07:00,6.555,6.555,6.555,6.555,827.0
2018-10-19 12:08:00,6.555,6.555,6.55,6.55,56238.0
2018-10-19 12:09:00,6.545,6.545,6.545,6.545,3622.0
2018-10-19 12:10:00,6.545,6.545,6.545,6.545,1705.0
2018-10-19 12:11:00,6.545,6.545,6.545,6.545,5254.0
2018-10-19 12:12:00,6.545,6.545,6.545,6.545,4335.0
2018-10-19 12:13:00,6.55,6.55,6.55,6.55,2138.0
2018-10-19 12:14:00,6.55,6.55,6.53,6.53,43257.0
2018-10-19 12:15:00,6.535,6.535,6.535,6.535,2446.0
2018-10-19 12:16:00,6.535,6.535,6.525,6.525,15464.0
2018-10-19 12:17:00,6.515,6.52,6.515,6.52,22259.0
2018-10-19 12:18:00,6.525,6.525,6.525,6.525,658.0
2018-10-19 12:19:00,6.5271,6.5271,6.5271,6.5271,2678.0
2018-10-19 12:20:00,6.515,6.515,6.515,6.515,5711.0
2018-10-19 12:21:00,6.5137,6.5137,6.5137,6.5137,3305.0
2018-10-19 12:22:00,6.52,6.52,6.5174,6.5174,9081.0
2018-10-19 12:23:00,6.52,6.52,6.52,6.52,11566.0
2018-10-19 12:24:00,6.52,6.52,6.51,6.51,4339.0
2018-10-19 12:25:00,6.505,6.505,6.505,6.505,5734.0
2018-10-19 12:26:00,6.5099,6.5099,6.5099,6.5099,6175.0
2018-10-19 12:27:00,6.5,6.5,6.5,6.5,8101.0
2018-10-19 12:28:00,6.51,6.51,6.51,6.51,1513.0
2018-10-19 12:29:00,6.51,6.51,6.51,6.51,2730.0
2018-10-19 12:30:00,6.51,6.51,6.51,6.51,106.0
2018-10-19 12:31:00,6.51,6.51,6.51,6.51,2961.0
2018-10-19 12:32:00,6.505,6.505,6.505,6.505,1814.0
2018-10-19 12:33:00,6.51,6.51,6.51,6.51,4704.0
2018-10-19 12:34:00,6.51,6.51,6.51,6.51,1575.0
2018-10-19 12:35:00,6.505,6.51,6.505,6.51,17395.0
2018-10-19 12:36:00,6.5,6.5,6.495,6.5,35702.0
2018-10-19 12:37:00,6.5,6.5,6.5,6.5,1424.0
2018-10-19 12:38:00,6.495,6.495,6.485,6.485,7564.0
2018-10-19 12:39:00,6.485,6.485,6.485,6.485,4115.0
2018-10-19 12:40:00,6.49,6.49,6.48,6.48,5397.0
2018-10-19 12:41:00,6.48,6.48,6.48,6.48,3078.0
2018-10-19 12:42:00,6.485,6.485,6.485,6.485,13900.0
2018-10-19 12:43:00,6.481,6.485,6.48,6.485,9628.0
2018-10-19 12:44:00,6.485,6.485,6.485,6.485,1096.0
2018-10-19 12:45:00,6.485,6.485,6.485,6.485,4200.0
2018-10-19 12:46:00,6.49,6.49,6.49,6.49,8134.0
2018-10-19 12:47:00,6.4851,6.49,6.4851,6.49,21055.0
2018-10-19 12:48:00,6.49,6.4913,6.49,6.4913,23709.0
2018-10-19 12:49:00,6.49,6.49,6.49,6.49,3721.0
2018-10-19 12:50:00,6.49,6.49,6.49,6.49,1417.0
2018-10-19 12:51:00,6.4901,6.4901,6.4901,6.4901,2154.0
2018-10-19 12:52:00,6.49,6.49,6.49,6.49,2501.0
2018-10-19 12:53:00,6.495,6.495,6.4865,6.4865,15460.0
2018-10-19 12:55:00,6.49,6.49,6.485,6.485,10056.0
2018-10-19 12:56:00,6.485,6.485,6.485,6.485,1535.0
2018-10-19 12:57:00,6.485,6.485,6.485,6.485,4621.0
2018-10-19 12:58:00,6.485,6.485,6.485,6.485,2910.0
2018-10-19 12:59:00,6.485,6.495,6.485,6.495,36338.0
2018-10-19 13:00:00,6.5,6.5,6.5,6.5,2009.0
2018-10-19 13:01:00,6.495,6.495,6.495,6.495,604.0
2018-10-19 13:02:00,6.495,6.495,6.495,6.495,3217.0
2018-10-19 13:03:00,6.495,6.495,6.495,6.495,677.0
2018-10-19 13:04:00,6.49,6.49,6.48,6.48,50879.0
2018-10-19 13:05:00,6.485,6.49,6.485,6.49,9595.0
2018-10-19 13:07:00,6.485,6.485,6.485,6.485,2662.0
2018-10-19 13:08:00,6.485,6.485,6.485,6.485,23190.0
2018-10-19 13:09:00,6.485,6.485,6.48,6.48,14092.0
2018-10-19 13:10:00,6.48,6.48,6.48,6.48,7441.0
2018-10-19 13:11:00,6.475,6.48,6.475,6.48,5295.0
2018-10-19 13:12:00,6.48,6.485,6.48,6.485,11467.0
2018-10-19 13:13:00,6.49,6.49,6.49,6.49,10146.0
2018-10-19 13:14:00,6.49,6.49,6.49,6.49,7798.0
2018-10-19 13:15:00,6.495,6.495,6.495,6.495,5635.0
2018-10-19 13:16:00,6.495,6.495,6.495,6.495,15711.0
2018-10-19 13:17:00,6.5,6.5,6.5,6.5,8232.0
2018-10-19 13:18:00,6.5,6.5,6.5,6.5,1549.0
2018-10-19 13:19:00,6.5,6.51,6.5,6.51,19833.0
2018-10-19 13:20:00,6.51,6.51,6.51,6.51,500.0
2018-10-19 13:21:00,6.505,6.505,6.505,6.505,1321.0
2018-10-19 13:22:00,6.505,6.505,6.505,6.505,12308.0
2018-10-19 13:23:00,6.51,6.51,6.51,6.51,1015.0
2018-10-19 13:25:00,6.51,6.51,6.51,6.51,4976.0
2018-10-19 13:26:00,6.505,6.505,6.505,6.505,2517.0
2018-10-19 13:27:00,6.505,6.505,6.505,6.505,4727.0
2018-10-19 13:28:00,6.5,6.5,6.495,6.495,10780.0
2018-10-19 13:29:00,6.495,6.495,6.495,6.495,4532.0
2018-10-19 13:30:00,6.495,6.495,6.495,6.495,969.0
2018-10-19 13:31:00,6.5,6.5,6.5,6.5,14352.0
2018-10-19 13:32:00,6.505,6.505,6.505,6.505,4827.0
2018-10-19 13:33:00,6.5,6.5,6.5,6.5,31358.0
2018-10-19 13:34:00,6.502,6.502,6.502,6.502,1671.0
2018-10-19 13:36:00,6.505,6.505,6.505,6.505,937.0
2018-10-19 13:37:00,6.505,6.505,6.505,6.505,500.0
2018-10-19 13:39:00,6.5067,6.5067,6.5067,6.5067,814.0
2018-10-19 13:40:00,6.51,6.51,6.505,6.505,6836.0
2018-10-19 13:42:00,6.505,6.505,6.505,6.505,1256.0
2018-10-19 13:43:00,6.5,6.5,6.48,6.48,15547.0
2018-10-19 13:44:00,6.48,6.48,6.48,6.48,4478.0
2018-10-19 13:45:00,6.475,6.475,6.475,6.475,931.0
2018-10-19 13:46:00,6.48,6.48,6.48,6.48,556.0
2018-10-19 13:47:00,6.48,6.48,6.48,6.48,17854.0
2018-10-19 13:48:00,6.485,6.485,6.485,6.485,4941.0
2018-10-19 13:49:00,6.49,6.49,6.49,6.49,2106.0
2018-10-19 13:50:00,6.49,6.49,6.49,6.49,5749.0
2018-10-19 13:51:00,6.49,6.49,6.49,6.49,1963.0
2018-10-19 13:52:00,6.49,6.5,6.49,6.5,6835.0
2018-10-19 13:53:00,6.5,6.5,6.5,6.5,1908.0
2018-10-19 13:54:00,6.495,6.495,6.495,6.495,1308.0
2018-10-19 13:55:00,6.4936,6.4936,6.4936,6.4936,1801.0
2018-10-19 13:56:00,6.5,6.5,6.5,6.5,1522.0
2018-10-19 13:57:00,6.5,6.5,6.5,6.5,8419.0
2018-10-19 13:58:00,6.5,6.5,6.5,6.5,1613.0
2018-10-19 13:59:00,6.495,6.495,6.495,6.495,2248.0
2018-10-19 14:00:00,6.5,6.5,6.495,6.495,28462.0
2018-10-19 14:01:00,6.495,6.495,6.495,6.495,1374.0
2018-10-19 14:02:00,6.495,6.495,6.495,6.495,1409.0
2018-10-19 14:03:00,6.495,6.495,6.495,6.495,2295.0
2018-10-19 14:04:00,6.495,6.495,6.495,6.495,5501.0
2018-10-19 14:05:00,6.5,6.5,6.48,6.48,33406.0
2018-10-19 14:06:00,6.47,6.47,6.46,6.46,6961.0
2018-10-19 14:07:00,6.46,6.46,6.46,6.46,4906.0
2018-10-19 14:08:00,6.4699,6.4699,6.425,6.44,330752.0
2018-10-19 14:09:00,6.44,6.44,6.44,6.44,29782.0
2018-10-19 14:10:00,6.445,6.449,6.445,6.449,29715.0
2018-10-19 14:11:00,6.46,6.46,6.46,6.46,3468.0
2018-10-19 14:12:00,6.465,6.465,6.46,6.46,12533.0
2018-10-19 14:13:00,6.46,6.46,6.46,6.46,128.0
2018-10-19 14:16:00,6.455,6.455,6.455,6.455,2301.0
2018-10-19 14:17:00,6.455,6.455,6.455,6.455,1525.0
2018-10-19 14:18:00,6.455,6.455,6.455,6.455,20482.0
2018-10-19 14:19:00,6.455,6.455,6.455,6.455,2165.0
2018-10-19 14:20:00,6.46,6.46,6.45,6.45,8285.0
2018-10-19 14:21:00,6.455,6.455,6.455,6.455,4958.0
2018-10-19 14:22:00,6.455,6.47,6.455,6.47,133986.0
2018-10-19 14:23:00,6.47,6.47,6.47,6.47,5001.0
2018-10-19 14:24:00,6.47,6.475,6.47,6.475,19329.0
2018-10-19 14:25:00,6.475,6.475,6.47,6.47,38973.0
2018-10-19 14:26:00,6.47,6.47,6.47,6.47,1712.0
2018-10-19 14:27:00,6.47,6.47,6.47,6.47,1712.0
2018-10-19 14:28:00,6.47,6.47,6.47,6.47,9346.0
2018-10-19 14:29:00,6.465,6.465,6.465,6.465,2155.0
2018-10-19 14:30:00,6.465,6.465,6.465,6.465,4517.0
2018-10-19 14:31:00,6.465,6.465,6.465,6.465,7352.0
2018-10-19 14:32:00,6.465,6.465,6.465,6.465,3569.0
2018-10-19 14:33:00,6.465,6.465,6.465,6.465,2269.0
2018-10-19 14:34:00,6.467,6.467,6.467,6.467,3596.0
2018-10-19 14:35:00,6.46,6.465,6.46,6.465,12354.0
2018-10-19 14:36:00,6.46,6.46,6.459,6.459,15992.0
2018-10-19 14:37:00,6.46,6.46,6.46,6.46,15573.0
2018-10-19 14:38:00,6.4601,6.4601,6.4601,6.4601,7923.0
2018-10-19 14:39:00,6.47,6.47,6.47,6.47,20656.0
2018-10-19 14:40:00,6.465,6.465,6.465,6.465,6948.0
2018-10-19 14:41:00,6.47,6.47,6.47,6.47,1253.0
2018-10-19 14:42:00,6.465,6.465,6.465,6.465,1701.0
2018-10-19 14:43:00,6.47,6.47,6.47,6.47,3053.0
2018-10-19 14:44:00,6.47,6.47,6.47,6.47,4269.0
2018-10-19 14:45:00,6.47,6.47,6.47,6.47,2527.0
2018-10-19 14:46:00,6.465,6.47,6.465,6.47,8177.0
2018-10-19 14:47:00,6.4754,6.48,6.4754,6.48,7613.0
2018-10-19 14:48:00,6.48,6.48,6.48,6.48,415.0
2018-10-19 14:49:00,6.47,6.475,6.47,6.47,18563.0
2018-10-19 14:50:00,6.48,6.48,6.48,6.48,8865.0
2018-10-19 14:51:00,6.48,6.48,6.48,6.48,2799.0
2018-10-19 14:52:00,6.48,6.48,6.48,6.48,5962.0
2018-10-19 14:53:00,6.48,6.48,6.48,6.48,1685.0
2018-10-19 14:54:00,6.475,6.475,6.47,6.47,5707.0
2018-10-19 14:55:00,6.48,6.48,6.48,6.48,3271.0
2018-10-19 14:56:00,6.475,6.475,6.475,6.475,3063.0
2018-10-19 14:57:00,6.48,6.48,6.48,6.48,4100.0
2018-10-19 14:58:00,6.48,6.48,6.471,6.471,22075.0
2018-10-19 14:59:00,6.475,6.475,6.475,6.475,3313.0
2018-10-19 15:00:00,6.475,6.475,6.465,6.465,20782.0
2018-10-19 15:01:00,6.47,6.475,6.47,6.47,34769.0
2018-10-19 15:02:00,6.46,6.46,6.46,6.46,2116.0
2018-10-19 15:03:00,6.47,6.47,6.47,6.47,4200.0
2018-10-19 15:04:00,6.465,6.465,6.465,6.465,2350.0
2018-10-19 15:05:00,6.465,6.465,6.45,6.45,13083.0
2018-10-19 15:06:00,6.455,6.455,6.455,6.455,6178.0
2018-10-19 15:07:00,6.455,6.46,6.455,6.46,6055.0
2018-10-19 15:08:00,6.455,6.455,6.455,6.455,2869.0
2018-10-19 15:09:00,6.455,6.455,6.455,6.455,3379.0
2018-10-19 15:10:00,6.4585,6.4585,6.4585,6.4585,2404.0
2018-10-19 15:11:00,6.455,6.455,6.455,6.455,999.0
2018-10-19 15:12:00,6.46,6.47,6.46,6.47,23810.0
2018-10-19 15:13:00,6.47,6.47,6.47,6.47,2540.0
2018-10-19 15:14:00,6.465,6.465,6.465,6.465,3562.0
2018-10-19 15:15:00,6.47,6.47,6.47,6.47,2491.0
2018-10-19 15:16:00,6.465,6.465,6.465,6.465,2600.0
2018-10-19 15:17:00,6.46,6.465,6.46,6.465,5722.0
2018-10-19 15:18:00,6.47,6.47,6.47,6.47,8614.0
2018-10-19 15:19:00,6.47,6.47,6.47,6.47,4267.0
2018-10-19 15:20:00,6.47,6.47,6.47,6.47,3100.0
2018-10-19 15:21:00,6.48,6.48,6.48,6.48,9475.0
2018-10-19 15:23:00,6.475,6.475,6.475,6.475,1121.0
2018-10-19 15:24:00,6.475,6.475,6.475,6.475,5481.0
2018-10-19 15:25:00,6.475,6.475,6.47,6.47,3483.0
2018-10-19 15:26:00,6.475,6.475,6.475,6.475,6713.0
2018-10-19 15:27:00,6.48,6.49,6.48,6.49,22157.0
2018-10-19 15:28:00,6.485,6.485,6.48,6.48,6362.0
2018-10-19 15:29:00,6.49,6.49,6.49,6.49,1445.0
2018-10-19 15:30:00,6.49,6.49,6.49,6.49,4206.0
2018-10-19 15:31:00,6.49,6.49,6.49,6.49,10583.0
2018-10-19 15:32:00,6.4834,6.4834,6.4834,6.4834,9178.0
2018-10-19 15:33:00,6.485,6.485,6.485,6.485,5854.0
2018-10-19 15:34:00,6.485,6.49,6.485,6.49,4680.0
2018-10-19 15:35:00,6.4865,6.4865,6.4865,6.4865,3183.0
2018-10-19 15:36:00,6.49,6.49,6.49,6.49,2951.0
2018-10-19 15:37:00,6.485,6.485,6.485,6.485,6911.0
2018-10-19 15:38:00,6.485,6.485,6.485,6.485,6000.0
2018-10-19 15:39:00,6.49,6.49,6.49,6.49,4368.0
2018-10-19 15:40:00,6.485,6.485,6.48,6.48,7457.0
2018-10-19 15:41:00,6.48,6.48,6.48,6.48,8274.0
2018-10-19 15:42:00,6.485,6.485,6.485,6.485,4424.0
2018-10-19 15:43:00,6.485,6.485,6.475,6.475,87163.0
2018-10-19 15:44:00,6.475,6.48,6.47,6.48,41114.0
2018-10-19 15:45:00,6.475,6.48,6.475,6.475,107670.0
2018-10-19 15:46:00,6.48,6.485,6.48,6.485,53788.0
2018-10-19 15:47:00,6.49,6.49,6.485,6.485,13572.0
2018-10-19 15:48:00,6.485,6.485,6.485,6.485,1465.0
2018-10-19 15:49:00,6.485,6.485,6.485,6.485,7008.0
2018-10-19 15:50:00,6.485,6.49,6.48,6.48,12341.0
2018-10-19 15:51:00,6.48,6.48,6.48,6.48,1609.0
2018-10-19 15:52:00,6.485,6.49,6.485,6.49,8037.0
2018-10-19 15:53:00,6.485,6.49,6.485,6.4899,10839.0
2018-10-19 15:54:00,6.49,6.49,6.485,6.49,10980.0
2018-10-19 15:55:00,6.485,6.485,6.485,6.485,17939.0
2018-10-19 15:56:00,6.49,6.49,6.47,6.4705,159598.0
2018-10-19 15:57:00,6.475,6.49,6.47,6.47,245282.0
2018-10-19 15:58:00,6.47,6.475,6.47,6.47,56798.0
2018-10-19 15:59:00,6.47,6.47,6.46,6.465,111032.0
2018-10-19 16:00:00,6.46,6.465,6.46,6.46,85047.0
